{"oval": [[495.0, 298.0, 501.0, 304.0, {"outline": "red", "fill": "red", "tags": "node_0"}], [432.0, 298.0, 438.0, 304.0, {"outline": "red", "fill": "red", "tags": "node_1"}], [596.0, 343.0, 602.0, 349.0, {"outline": "red", "fill": "red", "tags": "node_2"}], [671.0, 345.0, 677.0, 351.0, {"outline": "red", "fill": "red", "tags": "node_3"}], [689.0, 421.0, 695.0, 427.0, {"outline": "red", "fill": "red", "tags": "node_4"}], [621.0, 423.0, 627.0, 429.0, {"outline": "red", "fill": "red", "tags": "node_5"}], [686.0, 522.0, 692.0, 528.0, {"outline": "red", "fill": "red", "tags": "node_6"}], [626.0, 523.0, 632.0, 529.0, {"outline": "red", "fill": "red", "tags": "node_7"}], [626.0, 614.0, 632.0, 620.0, {"outline": "red", "fill": "red", "tags": "node_8"}], [686.0, 613.0, 692.0, 619.0, {"outline": "red", "fill": "red", "tags": "node_9"}], [758.0, 571.0, 764.0, 577.0, {"outline": "red", "fill": "red", "tags": "node_10"}], [862.0, 610.0, 868.0, 616.0, {"outline": "red", "fill": "red", "tags": "node_11"}], [366.0, 556.0, 372.0, 562.0, {"outline": "red", "fill": "red", "tags": "node_13"}], [577.0, 571.0, 583.0, 577.0, {"outline": "red", "fill": "red", "tags": "node_14"}], [623.0, 867.0, 629.0, 873.0, {"outline": "red", "fill": "red", "tags": "node_15"}], [685.0, 861.0, 691.0, 867.0, {"outline": "red", "fill": "red", "tags": "node_16"}], [626.0, 994.0, 632.0, 1000.0, {"outline": "red", "fill": "red", "tags": "node_17"}], [695.0, 988.0, 701.0, 994.0, {"outline": "red", "fill": "red", "tags": "node_18"}], [550.0, 921.0, 556.0, 927.0, {"outline": "red", "fill": "red", "tags": "node_19"}], [389.0, 889.0, 395.0, 895.0, {"outline": "red", "fill": "red", "tags": "node_20"}], [623.0, 1128.0, 629.0, 1134.0, {"outline": "red", "fill": "red", "tags": "node_21"}], [687.0, 1114.0, 693.0, 1120.0, {"outline": "red", "fill": "red", "tags": "node_22"}], [541.0, 1061.0, 547.0, 1067.0, {"outline": "red", "fill": "red", "tags": "node_23"}], [427.0, 1047.0, 433.0, 1053.0, {"outline": "red", "fill": "red", "tags": "node_24"}], [619.0, 1341.0, 625.0, 1347.0, {"outline": "red", "fill": "red", "tags": "node_25"}], [693.0, 1324.0, 699.0, 1330.0, {"outline": "red", "fill": "red", "tags": "node_26"}], [616.0, 1464.0, 622.0, 1470.0, {"outline": "red", "fill": "red", "tags": "node_27"}], [693.0, 1446.0, 699.0, 1452.0, {"outline": "red", "fill": "red", "tags": "node_28"}], [559.0, 1406.0, 565.0, 1412.0, {"outline": "red", "fill": "red", "tags": "node_29"}], [398.0, 1394.0, 404.0, 1400.0, {"outline": "red", "fill": "red", "tags": "node_30"}], [686.0, 1618.0, 692.0, 1624.0, {"outline": "red", "fill": "red", "tags": "node_31"}], [573.0, 1618.0, 579.0, 1624.0, {"outline": "red", "fill": "red", "tags": "node_32"}], [430.0, 1561.0, 436.0, 1567.0, {"outline": "red", "fill": "red", "tags": "node_33"}], [292.0, 1568.0, 298.0, 1574.0, {"outline": "red", "fill": "red", "tags": "node_34"}], [838.0, 1967.0, 844.0, 1973.0, {"outline": "red", "fill": "red", "tags": "node_35"}], [435.0, 1897.0, 441.0, 1903.0, {"outline": "red", "fill": "red", "tags": "node_36"}], [443.0, 2050.0, 449.0, 2056.0, {"outline": "red", "fill": "red", "tags": "node_37"}], [521.0, 1968.0, 527.0, 1974.0, {"outline": "red", "fill": "red", "tags": "node_38"}], [519.0, 1829.0, 525.0, 1835.0, {"outline": "red", "fill": "red", "tags": "node_39"}], [645.0, 1954.0, 651.0, 1960.0, {"outline": "red", "fill": "red", "tags": "node_40"}], [640.0, 1809.0, 646.0, 1815.0, {"outline": "red", "fill": "red", "tags": "node_41"}], [518.0, 2118.0, 524.0, 2124.0, {"outline": "red", "fill": "red", "tags": "node_42"}], [649.0, 2097.0, 655.0, 2103.0, {"outline": "red", "fill": "red", "tags": "node_43"}], [302.0, 1895.0, 308.0, 1901.0, {"outline": "red", "fill": "red", "tags": "node_44"}], [296.0, 2055.0, 302.0, 2061.0, {"outline": "red", "fill": "red", "tags": "node_45"}], [1219.0, 1972.0, 1225.0, 1978.0, {"outline": "red", "fill": "red", "tags": "node_46"}], [858.0, 2023.0, 864.0, 2029.0, {"outline": "red", "fill": "red", "tags": "node_47"}], [1216.0, 2025.0, 1222.0, 2031.0, {"outline": "red", "fill": "red", "tags": "node_48"}], [515.0, 2319.0, 521.0, 2325.0, {"outline": "red", "fill": "red", "tags": "node_49"}], [660.0, 2323.0, 666.0, 2329.0, {"outline": "red", "fill": "red", "tags": "node_50"}], [614.0, 2465.0, 620.0, 2471.0, {"outline": "red", "fill": "red", "tags": "node_51"}], [681.0, 2468.0, 687.0, 2474.0, {"outline": "red", "fill": "red", "tags": "node_52"}], [613.0, 2627.0, 619.0, 2633.0, {"outline": "red", "fill": "red", "tags": "node_53"}], [677.0, 2621.0, 683.0, 2627.0, {"outline": "red", "fill": "red", "tags": "node_54"}], [419.0, 2385.0, 425.0, 2391.0, {"outline": "red", "fill": "red", "tags": "node_55"}], [307.0, 2383.0, 313.0, 2389.0, {"outline": "red", "fill": "red", "tags": "node_56"}], [510.0, 2543.0, 516.0, 2549.0, {"outline": "red", "fill": "red", "tags": "node_57"}], [331.0, 2540.0, 337.0, 2546.0, {"outline": "red", "fill": "red", "tags": "node_58"}], [624.0, 2806.0, 630.0, 2812.0, {"outline": "red", "fill": "red", "tags": "node_59"}], [705.0, 2801.0, 711.0, 2807.0, {"outline": "red", "fill": "red", "tags": "node_60"}], [616.0, 2940.0, 622.0, 2946.0, {"outline": "red", "fill": "red", "tags": "node_61"}], [706.0, 2941.0, 712.0, 2947.0, {"outline": "red", "fill": "red", "tags": "node_62"}], [524.0, 2865.0, 530.0, 2871.0, {"outline": "red", "fill": "red", "tags": "node_65"}], [352.0, 2852.0, 358.0, 2858.0, {"outline": "red", "fill": "red", "tags": "node_66"}], [796.0, 2885.0, 802.0, 2891.0, {"outline": "red", "fill": "red", "tags": "node_67"}], [918.0, 2853.0, 924.0, 2859.0, {"outline": "red", "fill": "red", "tags": "node_68"}], [520.0, 3035.0, 526.0, 3041.0, {"outline": "red", "fill": "red", "tags": "node_69"}], [388.0, 3039.0, 394.0, 3045.0, {"outline": "red", "fill": "red", "tags": "node_70"}], [619.0, 3084.0, 625.0, 3090.0, {"outline": "red", "fill": "red", "tags": "node_71"}], [710.0, 3086.0, 716.0, 3092.0, {"outline": "red", "fill": "red", "tags": "node_72"}], [807.0, 3301.0, 813.0, 3307.0, {"outline": "red", "fill": "red", "tags": "node_75"}], [807.0, 3237.0, 813.0, 3243.0, {"outline": "red", "fill": "red", "tags": "node_76"}], [605.0, 3400.0, 611.0, 3406.0, {"outline": "red", "fill": "red", "tags": "node_77"}], [672.0, 3398.0, 678.0, 3404.0, {"outline": "red", "fill": "red", "tags": "node_78"}], [621.0, 3598.0, 627.0, 3604.0, {"outline": "red", "fill": "red", "tags": "node_79"}], [732.0, 3484.0, 738.0, 3490.0, {"outline": "red", "fill": "red", "tags": "node_80"}], [818.0, 3520.0, 824.0, 3526.0, {"outline": "red", "fill": "red", "tags": "node_81"}], [602.0, 3706.0, 608.0, 3712.0, {"outline": "red", "fill": "red", "tags": "node_82"}], [579.0, 3512.0, 585.0, 3518.0, {"outline": "red", "fill": "red", "tags": "node_83"}], [579.0, 3465.0, 585.0, 3471.0, {"outline": "red", "fill": "red", "tags": "node_84"}], [352.0, 3494.0, 358.0, 3500.0, {"outline": "red", "fill": "red", "tags": "node_85"}], [253.0, 3493.0, 259.0, 3499.0, {"outline": "red", "fill": "red", "tags": "node_86"}], [450.0, 3508.0, 456.0, 3514.0, {"outline": "red", "fill": "red", "tags": "node_87"}], [451.0, 3466.0, 457.0, 3472.0, {"outline": "red", "fill": "red", "tags": "node_88"}], [619.0, 3331.0, 625.0, 3337.0, {"outline": "red", "fill": "red", "tags": "node_89"}], [669.0, 3327.0, 675.0, 3333.0, {"outline": "red", "fill": "red", "tags": "node_90"}], [623.0, 3216.0, 629.0, 3222.0, {"outline": "red", "fill": "red", "tags": "node_91"}], [683.0, 3218.0, 689.0, 3224.0, {"outline": "red", "fill": "red", "tags": "node_92"}], [548.0, 3294.0, 554.0, 3300.0, {"outline": "red", "fill": "red", "tags": "node_93"}], [438.0, 3288.0, 444.0, 3294.0, {"outline": "red", "fill": "red", "tags": "node_94"}], [960.0, 3314.0, 966.0, 3320.0, {"outline": "red", "fill": "red", "tags": "node_95"}], [959.0, 3237.0, 965.0, 3243.0, {"outline": "red", "fill": "red", "tags": "node_96"}], [1110.0, 3310.0, 1116.0, 3316.0, {"outline": "red", "fill": "red", "tags": "node_97"}], [1106.0, 3240.0, 1112.0, 3246.0, {"outline": "red", "fill": "red", "tags": "node_98"}], [1281.0, 3303.0, 1287.0, 3309.0, {"outline": "red", "fill": "red", "tags": "node_99"}], [1282.0, 3248.0, 1288.0, 3254.0, {"outline": "red", "fill": "red", "tags": "node_100"}], [994.0, 3422.0, 1000.0, 3428.0, {"outline": "red", "fill": "red", "tags": "node_101"}], [1088.0, 3413.0, 1094.0, 3419.0, {"outline": "red", "fill": "red", "tags": "node_102"}], [1379.0, 3303.0, 1385.0, 3309.0, {"outline": "red", "fill": "red", "tags": "node_103"}], [1385.0, 3248.0, 1391.0, 3254.0, {"outline": "red", "fill": "red", "tags": "node_104"}], [1466.0, 3312.0, 1472.0, 3318.0, {"outline": "red", "fill": "red", "tags": "node_105"}], [1463.0, 3252.0, 1469.0, 3258.0, {"outline": "red", "fill": "red", "tags": "node_106"}], [1424.0, 3420.0, 1430.0, 3426.0, {"outline": "red", "fill": "red", "tags": "node_107"}], [1470.0, 3418.0, 1476.0, 3424.0, {"outline": "red", "fill": "red", "tags": "node_108"}], [1498.0, 3518.0, 1504.0, 3524.0, {"outline": "red", "fill": "red", "tags": "node_109"}], [1499.0, 3469.0, 1505.0, 3475.0, {"outline": "red", "fill": "red", "tags": "node_110"}], [1646.0, 3518.0, 1652.0, 3524.0, {"outline": "red", "fill": "red", "tags": "node_111"}], [1643.0, 3471.0, 1649.0, 3477.0, {"outline": "red", "fill": "red", "tags": "node_112"}], [1449.0, 3597.0, 1455.0, 3603.0, {"outline": "red", "fill": "red", "tags": "node_113"}], [1441.0, 3692.0, 1447.0, 3698.0, {"outline": "red", "fill": "red", "tags": "node_114"}], [1763.0, 3506.0, 1769.0, 3512.0, {"outline": "red", "fill": "red", "tags": "node_115"}], [1890.0, 3518.0, 1896.0, 3524.0, {"outline": "red", "fill": "red", "tags": "node_116"}], [1549.0, 3284.0, 1555.0, 3290.0, {"outline": "red", "fill": "red", "tags": "node_117"}], [1672.0, 3291.0, 1678.0, 3297.0, {"outline": "red", "fill": "red", "tags": "node_118"}], [1381.0, 3069.0, 1387.0, 3075.0, {"outline": "red", "fill": "red", "tags": "node_119"}], [1452.0, 3075.0, 1458.0, 3081.0, {"outline": "red", "fill": "red", "tags": "node_120"}], [1457.0, 2948.0, 1463.0, 2954.0, {"outline": "red", "fill": "red", "tags": "node_121"}], [1373.0, 2949.0, 1379.0, 2955.0, {"outline": "red", "fill": "red", "tags": "node_122"}], [1575.0, 3037.0, 1581.0, 3043.0, {"outline": "red", "fill": "red", "tags": "node_123"}], [1774.0, 3046.0, 1780.0, 3052.0, {"outline": "red", "fill": "red", "tags": "node_124"}], [1363.0, 2813.0, 1369.0, 2819.0, {"outline": "red", "fill": "red", "tags": "node_125"}], [1456.0, 2819.0, 1462.0, 2825.0, {"outline": "red", "fill": "red", "tags": "node_126"}], [1594.0, 2861.0, 1600.0, 2867.0, {"outline": "red", "fill": "red", "tags": "node_127"}], [1744.0, 2853.0, 1750.0, 2859.0, {"outline": "red", "fill": "red", "tags": "node_128"}], [1274.0, 2866.0, 1280.0, 2872.0, {"outline": "red", "fill": "red", "tags": "node_129"}], [1147.0, 2894.0, 1153.0, 2900.0, {"outline": "red", "fill": "red", "tags": "node_130"}], [1461.0, 2581.0, 1467.0, 2587.0, {"outline": "red", "fill": "red", "tags": "node_131"}], [1403.0, 2586.0, 1409.0, 2592.0, {"outline": "red", "fill": "red", "tags": "node_132"}], [1463.0, 2460.0, 1469.0, 2466.0, {"outline": "red", "fill": "red", "tags": "node_133"}], [1396.0, 2460.0, 1402.0, 2466.0, {"outline": "red", "fill": "red", "tags": "node_134"}], [1466.0, 2325.0, 1472.0, 2331.0, {"outline": "red", "fill": "red", "tags": "node_135"}], [1397.0, 2327.0, 1403.0, 2333.0, {"outline": "red", "fill": "red", "tags": "node_136"}], [1575.0, 2540.0, 1581.0, 2546.0, {"outline": "red", "fill": "red", "tags": "node_137"}], [1742.0, 2542.0, 1748.0, 2548.0, {"outline": "red", "fill": "red", "tags": "node_138"}], [1571.0, 2364.0, 1577.0, 2370.0, {"outline": "red", "fill": "red", "tags": "node_139"}], [1740.0, 2363.0, 1746.0, 2369.0, {"outline": "red", "fill": "red", "tags": "node_140"}], [1582.0, 1930.0, 1588.0, 1936.0, {"outline": "red", "fill": "red", "tags": "node_141"}], [1764.0, 1934.0, 1770.0, 1940.0, {"outline": "red", "fill": "red", "tags": "node_142"}], [1375.0, 2069.0, 1381.0, 2075.0, {"outline": "red", "fill": "red", "tags": "node_143"}], [1469.0, 2036.0, 1475.0, 2042.0, {"outline": "red", "fill": "red", "tags": "node_144"}], [1360.0, 1853.0, 1366.0, 1859.0, {"outline": "red", "fill": "red", "tags": "node_145"}], [1478.0, 1853.0, 1484.0, 1859.0, {"outline": "red", "fill": "red", "tags": "node_146"}], [1474.0, 1612.0, 1480.0, 1618.0, {"outline": "red", "fill": "red", "tags": "node_147"}], [1371.0, 1618.0, 1377.0, 1624.0, {"outline": "red", "fill": "red", "tags": "node_148"}], [1481.0, 1478.0, 1487.0, 1484.0, {"outline": "red", "fill": "red", "tags": "node_149"}], [1417.0, 1478.0, 1423.0, 1484.0, {"outline": "red", "fill": "red", "tags": "node_150"}], [1565.0, 1572.0, 1571.0, 1578.0, {"outline": "red", "fill": "red", "tags": "node_151"}], [1718.0, 1575.0, 1724.0, 1581.0, {"outline": "red", "fill": "red", "tags": "node_152"}], [1469.0, 1360.0, 1475.0, 1366.0, {"outline": "red", "fill": "red", "tags": "node_153"}], [1372.0, 1359.0, 1378.0, 1365.0, {"outline": "red", "fill": "red", "tags": "node_154"}], [1595.0, 1372.0, 1601.0, 1378.0, {"outline": "red", "fill": "red", "tags": "node_155"}], [1749.0, 1368.0, 1755.0, 1374.0, {"outline": "red", "fill": "red", "tags": "node_156"}], [1470.0, 1151.0, 1476.0, 1157.0, {"outline": "red", "fill": "red", "tags": "node_157"}], [1378.0, 1154.0, 1384.0, 1160.0, {"outline": "red", "fill": "red", "tags": "node_158"}], [1372.0, 996.0, 1378.0, 1002.0, {"outline": "red", "fill": "red", "tags": "node_159"}], [1463.0, 994.0, 1469.0, 1000.0, {"outline": "red", "fill": "red", "tags": "node_160"}], [1572.0, 1080.0, 1578.0, 1086.0, {"outline": "red", "fill": "red", "tags": "node_161"}], [1697.0, 1084.0, 1703.0, 1090.0, {"outline": "red", "fill": "red", "tags": "node_162"}], [1289.0, 1132.0, 1295.0, 1138.0, {"outline": "red", "fill": "red", "tags": "node_163"}], [1164.0, 1137.0, 1170.0, 1143.0, {"outline": "red", "fill": "red", "tags": "node_164"}], [1460.0, 864.0, 1466.0, 870.0, {"outline": "red", "fill": "red", "tags": "node_165"}], [1355.0, 866.0, 1361.0, 872.0, {"outline": "red", "fill": "red", "tags": "node_166"}], [1584.0, 904.0, 1590.0, 910.0, {"outline": "red", "fill": "red", "tags": "node_167"}], [1746.0, 892.0, 1752.0, 898.0, {"outline": "red", "fill": "red", "tags": "node_168"}], [1409.0, 674.0, 1415.0, 680.0, {"outline": "red", "fill": "red", "tags": "node_169"}], [1476.0, 674.0, 1482.0, 680.0, {"outline": "red", "fill": "red", "tags": "node_170"}], [1479.0, 524.0, 1485.0, 530.0, {"outline": "red", "fill": "red", "tags": "node_171"}], [1402.0, 530.0, 1408.0, 536.0, {"outline": "red", "fill": "red", "tags": "node_172"}], [1565.0, 580.0, 1571.0, 586.0, {"outline": "red", "fill": "red", "tags": "node_173"}], [1719.0, 583.0, 1725.0, 589.0, {"outline": "red", "fill": "red", "tags": "node_174"}], [1318.0, 638.0, 1324.0, 644.0, {"outline": "red", "fill": "red", "tags": "node_175"}], [1168.0, 632.0, 1174.0, 638.0, {"outline": "red", "fill": "red", "tags": "node_176"}], [1474.0, 353.0, 1480.0, 359.0, {"outline": "red", "fill": "red", "tags": "node_177"}], [1400.0, 353.0, 1406.0, 359.0, {"outline": "red", "fill": "red", "tags": "node_178"}], [1464.0, 199.0, 1470.0, 205.0, {"outline": "red", "fill": "red", "tags": "node_179"}], [1391.0, 202.0, 1397.0, 208.0, {"outline": "red", "fill": "red", "tags": "node_180"}], [1598.0, 399.0, 1604.0, 405.0, {"outline": "red", "fill": "red", "tags": "node_181"}], [1770.0, 397.0, 1776.0, 403.0, {"outline": "red", "fill": "red", "tags": "node_182"}], [595.0, 206.0, 601.0, 212.0, {"outline": "red", "fill": "red", "tags": "node_183"}], [699.0, 202.0, 705.0, 208.0, {"outline": "red", "fill": "red", "tags": "node_184"}]], "text": [[498.0, 314.0, {"text": "WC_1_door", "tags": "node_0", "fill": "blue"}], [437.0, 276.0, {"text": "WC_1", "tags": "node_1", "fill": "blue"}], [465.5, 291.0, {"text": "fd", "tags": "edge_0 node_1 node_0", "fill": "blue"}], [558.0, 359.0, {"text": "hallway_5-2d", "tags": "node_2", "fill": "blue"}], [734.0, 366.0, {"text": "hallway_5-2u", "tags": "node_3", "fill": "blue"}], [449.5, 320.5, {"text": "tl", "tags": "edge_1 node_3 node_1", "fill": "blue"}], [534.5, 304.5, {"text": "tr", "tags": "edge_2 node_0 node_2", "fill": "blue"}], [774.0, 430.0, {"text": "hallway_6_1u", "tags": "node_4", "fill": "blue"}], [553.0, 421.0, {"text": "hallway_6-1d", "tags": "node_5", "fill": "blue"}], [700.0, 409.0, {"text": "cf", "tags": "edge_3 node_4 node_3", "fill": "blue"}], [628.5, 404.0, {"text": "cf", "tags": "edge_4 node_2 node_5", "fill": "blue"}], [689.0, 538.0, {"text": "hallway_6-2u", "tags": "node_6", "fill": "blue"}], [631.0, 551.0, {"text": "hallway_6-2d", "tags": "node_7", "fill": "blue"}], [634.0, 647.0, {"text": "hallway_6-3d", "tags": "node_8", "fill": "blue"}], [690.0, 631.0, {"text": "hallway_6-2u", "tags": "node_9", "fill": "blue"}], [803.0, 563.0, {"text": "pantry_1_door", "tags": "node_10", "fill": "blue"}], [865.0, 626.0, {"text": "pantry_1", "tags": "node_11", "fill": "blue"}], [370.0, 572.0, {"text": "conferenceRoom_1", "tags": "node_13", "fill": "blue"}], [615.5, 478.0, {"text": "cf", "tags": "edge_5 node_5 node_7", "fill": "blue"}], [698.5, 476.5, {"text": "cf", "tags": "edge_6 node_6 node_4", "fill": "blue"}], [472.0, 535.0, {"text": "tr", "tags": "edge_8 node_7 node_13", "fill": "blue"}], [459.0, 595.0, {"text": "tl", "tags": "edge_9 node_9 node_13", "fill": "blue"}], [620.0, 582.0, {"text": "cf", "tags": "edge_10 node_7 node_8", "fill": "blue"}], [512.0, 558.0, {"text": "conferenceRoom_1_door", "tags": "node_14", "fill": "blue"}], [557.0, 582.0, {"text": "fd", "tags": "edge_13 node_13 node_14", "fill": "blue"}], [597.5, 589.0, {"text": "tr", "tags": "edge_15 node_14 node_8", "fill": "blue"}], [591.5, 563.5, {"text": "tl", "tags": "edge_16 node_14 node_6", "fill": "blue"}], [838.0, 594.5, {"text": "fd", "tags": "edge_17 node_11 node_10", "fill": "blue"}], [757.0, 550.5, {"text": "tr", "tags": "edge_18 node_10 node_6", "fill": "blue"}], [759.0, 611.0, {"text": "tl", "tags": "edge_19 node_10 node_8", "fill": "blue"}], [712.0, 560.0, {"text": "s", "tags": "edge_20 node_10 node_13", "fill": "blue"}], [793.5, 597.5, {"text": "s", "tags": "edge_21 node_14 node_11", "fill": "blue"}], [694.0, 570.5, {"text": "cf", "tags": "edge_22 node_9 node_6", "fill": "blue"}], [805.0, 625.5, {"text": "tr", "tags": "edge_23 node_9 node_11", "fill": "blue"}], [638.0, 889.0, {"text": "hallway_6-4d", "tags": "node_15", "fill": "blue"}], [688.0, 877.0, {"text": "hallway_6-4u", "tags": "node_16", "fill": "blue"}], [626.0, 1018.0, {"text": "hallway_6-5d", "tags": "node_17", "fill": "blue"}], [698.0, 1004.0, {"text": "hallway_6-5u", "tags": "node_18", "fill": "blue"}], [549.0, 935.0, {"text": "office_1_door", "tags": "node_19", "fill": "blue"}], [392.0, 905.0, {"text": "office_1", "tags": "node_20", "fill": "blue"}], [496.0, 903.5, {"text": "fd", "tags": "edge_24 node_20 node_19", "fill": "blue"}], [687.5, 793.5, {"text": "cf", "tags": "edge_25 node_16 node_9", "fill": "blue"}], [635.5, 786.0, {"text": "cf", "tags": "edge_26 node_8 node_15", "fill": "blue"}], [707.0, 936.5, {"text": "cf", "tags": "edge_27 node_18 node_16", "fill": "blue"}], [634.5, 957.5, {"text": "cf", "tags": "edge_28 node_15 node_17", "fill": "blue"}], [493.0, 877.0, {"text": "tr", "tags": "edge_29 node_15 node_20", "fill": "blue"}], [473.0, 938.5, {"text": "tl", "tags": "edge_30 node_18 node_20", "fill": "blue"}], [579.0, 907.5, {"text": "tl", "tags": "edge_31 node_19 node_16", "fill": "blue"}], [559.5, 967.0, {"text": "tr", "tags": "edge_32 node_19 node_17", "fill": "blue"}], [626.0, 1144.0, {"text": "hallway_6-6d", "tags": "node_21", "fill": "blue"}], [689.0, 1129.0, {"text": "hallway_6-6u", "tags": "node_22", "fill": "blue"}], [544.0, 1077.0, {"text": "office_2_door", "tags": "node_23", "fill": "blue"}], [430.0, 1063.0, {"text": "office_2", "tags": "node_24", "fill": "blue"}], [631.5, 1063.0, {"text": "cf", "tags": "edge_33 node_17 node_21", "fill": "blue"}], [704.0, 1056.0, {"text": "cf", "tags": "edge_34 node_22 node_18", "fill": "blue"}], [472.0, 1075.5, {"text": "tl", "tags": "edge_35 node_22 node_24", "fill": "blue"}], [535.5, 1016.5, {"text": "tr", "tags": "edge_36 node_17 node_24", "fill": "blue"}], [498.0, 1051.0, {"text": "fd", "tags": "edge_37 node_24 node_23", "fill": "blue"}], [569.0, 1098.5, {"text": "tr", "tags": "edge_38 node_23 node_21", "fill": "blue"}], [559.0, 1048.5, {"text": "tl", "tags": "edge_39 node_23 node_18", "fill": "blue"}], [622.0, 1357.0, {"text": "hallway_6-7d", "tags": "node_25", "fill": "blue"}], [696.0, 1340.0, {"text": "hallway_6-7u", "tags": "node_26", "fill": "blue"}], [619.0, 1480.0, {"text": "hallway_6-8d", "tags": "node_27", "fill": "blue"}], [696.0, 1462.0, {"text": "hallway_6-8u", "tags": "node_28", "fill": "blue"}], [562.0, 1422.0, {"text": "office_3_door", "tags": "node_29", "fill": "blue"}], [401.0, 1410.0, {"text": "office_3", "tags": "node_30", "fill": "blue"}], [704.0, 1187.0, {"text": "cf", "tags": "edge_40 node_26 node_22", "fill": "blue"}], [706.0, 1432.0, {"text": "cf", "tags": "edge_41 node_28 node_26", "fill": "blue"}], [635.0, 1241.5, {"text": "cf", "tags": "edge_42 node_21 node_25", "fill": "blue"}], [627.5, 1371.5, {"text": "cf", "tags": "edge_43 node_25 node_27", "fill": "blue"}], [503.5, 1399.0, {"text": "fd", "tags": "edge_44 node_30 node_29", "fill": "blue"}], [585.5, 1455.0, {"text": "tr", "tags": "edge_45 node_29 node_27", "fill": "blue"}], [577.0, 1388.0, {"text": "tl", "tags": "edge_46 node_29 node_26", "fill": "blue"}], [456.5, 1380.5, {"text": "tr", "tags": "edge_47 node_25 node_30", "fill": "blue"}], [457.5, 1429.0, {"text": "tl", "tags": "edge_48 node_28 node_30", "fill": "blue"}], [689.0, 1634.0, {"text": "hallway_6-9u", "tags": "node_31", "fill": "blue"}], [576.0, 1634.0, {"text": "hallway_6-9d", "tags": "node_32", "fill": "blue"}], [586.5, 1544.0, {"text": "cf", "tags": "edge_49 node_27 node_32", "fill": "blue"}], [699.5, 1546.0, {"text": "cf", "tags": "edge_50 node_31 node_28", "fill": "blue"}], [433.0, 1577.0, {"text": "office_4_door", "tags": "node_33", "fill": "blue"}], [295.0, 1584.0, {"text": "office_4", "tags": "node_34", "fill": "blue"}], [372.0, 1559.5, {"text": "fd", "tags": "edge_51 node_34 node_33", "fill": "blue"}], [518.5, 1609.5, {"text": "tr", "tags": "edge_52 node_33 node_32", "fill": "blue"}], [560.5, 1519.5, {"text": "tl", "tags": "edge_53 node_33 node_28", "fill": "blue"}], [380.0, 1535.0, {"text": "tr", "tags": "edge_54 node_27 node_34", "fill": "blue"}], [409.0, 1600.0, {"text": "tl", "tags": "edge_55 node_31 node_34", "fill": "blue"}], [841.0, 1983.0, {"text": "openspace_1-1l", "tags": "node_35", "fill": "blue"}], [421.0, 1911.0, {"text": "office_5_door", "tags": "node_36", "fill": "blue"}], [446.0, 2066.0, {"text": "office_6_door", "tags": "node_37", "fill": "blue"}], [529.0, 1985.0, {"text": "hallway_6-11d", "tags": "node_38", "fill": "blue"}], [522.0, 1845.0, {"text": "hallway_6-10d", "tags": "node_39", "fill": "blue"}], [648.0, 1970.0, {"text": "hallway_6-11u", "tags": "node_40", "fill": "blue"}], [644.0, 1825.0, {"text": "hallway_6-10u", "tags": "node_41", "fill": "blue"}], [528.0, 2135.0, {"text": "hallway_6-12d", "tags": "node_42", "fill": "blue"}], [652.0, 2113.0, {"text": "hallway_6-12u", "tags": "node_43", "fill": "blue"}], [305.0, 1911.0, {"text": "office_5", "tags": "node_44", "fill": "blue"}], [299.0, 2071.0, {"text": "office_6", "tags": "node_45", "fill": "blue"}], [375.5, 1892.0, {"text": "fd", "tags": "edge_56 node_44 node_36", "fill": "blue"}], [378.5, 2049.5, {"text": "fd", "tags": "edge_57 node_45 node_37", "fill": "blue"}], [1222.0, 1988.0, {"text": "openspace_1-2l", "tags": "node_46", "fill": "blue"}], [861.0, 2039.0, {"text": "openspace_1-1r", "tags": "node_47", "fill": "blue"}], [1219.0, 2041.0, {"text": "openspace_1-2r", "tags": "node_48", "fill": "blue"}], [666.0, 1716.5, {"text": "cf", "tags": "edge_58 node_41 node_31", "fill": "blue"}], [645.5, 1884.5, {"text": "cf", "tags": "edge_59 node_40 node_41", "fill": "blue"}], [649.0, 2028.5, {"text": "cf", "tags": "edge_60 node_43 node_40", "fill": "blue"}], [549.0, 1726.5, {"text": "cf", "tags": "edge_61 node_32 node_39", "fill": "blue"}], [523.0, 1901.5, {"text": "cf", "tags": "edge_62 node_39 node_38", "fill": "blue"}], [522.5, 2046.0, {"text": "cf", "tags": "edge_63 node_38 node_42", "fill": "blue"}], [1040.0, 2027.0, {"text": "cf", "tags": "edge_64 node_47 node_48", "fill": "blue"}], [1021.5, 1960.5, {"text": "cf", "tags": "edge_65 node_46 node_35", "fill": "blue"}], [839.5, 2055.0, {"text": "tr", "tags": "edge_70 node_43 node_47", "fill": "blue"}], [843.5, 2002.0, {"text": "tl", "tags": "edge_71 node_39 node_47", "fill": "blue"}], [768.5, 2001.0, {"text": "cf", "tags": "edge_72 node_36 node_47", "fill": "blue"}], [766.5, 2029.5, {"text": "cf", "tags": "edge_73 node_37 node_47", "fill": "blue"}], [467.5, 1880.0, {"text": "tl", "tags": "edge_74 node_36 node_41", "fill": "blue"}], [450.0, 1921.5, {"text": "tr", "tags": "edge_75 node_36 node_38", "fill": "blue"}], [463.0, 2034.0, {"text": "tl", "tags": "edge_76 node_37 node_40", "fill": "blue"}], [458.5, 2080.0, {"text": "tr", "tags": "edge_77 node_37 node_42", "fill": "blue"}], [347.5, 1917.5, {"text": "tl", "tags": "edge_78 node_40 node_44", "fill": "blue"}], [349.5, 1875.0, {"text": "tr", "tags": "edge_79 node_39 node_44", "fill": "blue"}], [332.5, 2036.5, {"text": "tr", "tags": "edge_80 node_38 node_45", "fill": "blue"}], [359.5, 2079.0, {"text": "tl", "tags": "edge_81 node_43 node_45", "fill": "blue"}], [707.0, 1845.0, {"text": "tr", "tags": "edge_83 node_35 node_41", "fill": "blue"}], [555.0, 2114.5, {"text": "tl", "tags": "edge_84 node_35 node_42", "fill": "blue"}], [762.0, 1949.0, {"text": "s_r", "tags": "edge_85 node_35 node_44", "fill": "blue"}], [739.0, 1978.0, {"text": "s_l", "tags": "edge_86 node_35 node_45", "fill": "blue"}], [518.0, 2335.0, {"text": "hallway_6-13d", "tags": "node_49", "fill": "blue"}], [657.0, 2341.0, {"text": "hallway_6-13u", "tags": "node_50", "fill": "blue"}], [614.0, 2477.0, {"text": "hallway_6-14d", "tags": "node_51", "fill": "blue"}], [682.0, 2489.0, {"text": "hallway_6-14u", "tags": "node_52", "fill": "blue"}], [617.0, 2653.0, {"text": "hallway_6-15d", "tags": "node_53", "fill": "blue"}], [688.0, 2636.0, {"text": "hallway_6-15u", "tags": "node_54", "fill": "blue"}], [422.0, 2401.0, {"text": "office_7_door", "tags": "node_55", "fill": "blue"}], [310.0, 2399.0, {"text": "office_7", "tags": "node_56", "fill": "blue"}], [369.0, 2396.0, {"text": "fd", "tags": "edge_87 node_56 node_55", "fill": "blue"}], [529.5, 2238.5, {"text": "cf", "tags": "edge_88 node_42 node_49", "fill": "blue"}], [674.0, 2398.0, {"text": "cf", "tags": "edge_89 node_52 node_50", "fill": "blue"}], [657.5, 2213.0, {"text": "cf", "tags": "edge_90 node_50 node_43", "fill": "blue"}], [582.5, 2399.0, {"text": "cf", "tags": "edge_91 node_49 node_51", "fill": "blue"}], [457.5, 2370.0, {"text": "tl", "tags": "edge_92 node_55 node_50", "fill": "blue"}], [453.5, 2412.0, {"text": "tr", "tags": "edge_93 node_55 node_51", "fill": "blue"}], [682.5, 2547.0, {"text": "cf", "tags": "edge_94 node_54 node_52", "fill": "blue"}], [618.0, 2553.0, {"text": "cf", "tags": "edge_95 node_51 node_53", "fill": "blue"}], [402.0, 2355.0, {"text": "tr", "tags": "edge_96 node_49 node_56", "fill": "blue"}], [360.5, 2413.0, {"text": "tl", "tags": "edge_97 node_52 node_56", "fill": "blue"}], [513.0, 2559.0, {"text": "office_8_door", "tags": "node_57", "fill": "blue"}], [334.0, 2556.0, {"text": "office_8", "tags": "node_58", "fill": "blue"}], [423.5, 2544.5, {"text": "fd", "tags": "edge_98 node_58 node_57", "fill": "blue"}], [535.5, 2580.0, {"text": "tr", "tags": "edge_99 node_57 node_53", "fill": "blue"}], [536.0, 2525.0, {"text": "tl", "tags": "edge_100 node_57 node_52", "fill": "blue"}], [370.5, 2526.5, {"text": "tr", "tags": "edge_101 node_51 node_58", "fill": "blue"}], [385.0, 2567.5, {"text": "tl", "tags": "edge_102 node_54 node_58", "fill": "blue"}], [637.0, 2827.0, {"text": "hallway_6-16d", "tags": "node_59", "fill": "blue"}], [708.0, 2817.0, {"text": "hallway_6-16u", "tags": "node_60", "fill": "blue"}], [620.0, 2962.0, {"text": "hallway_6-17d", "tags": "node_61", "fill": "blue"}], [709.0, 2957.0, {"text": "hallway_6-17u", "tags": "node_62", "fill": "blue"}], [702.5, 2882.0, {"text": "cf", "tags": "edge_103 node_62 node_60", "fill": "blue"}], [694.0, 2714.0, {"text": "cf", "tags": "edge_104 node_60 node_54", "fill": "blue"}], [621.5, 2719.5, {"text": "cf", "tags": "edge_105 node_53 node_59", "fill": "blue"}], [629.5, 2886.5, {"text": "cf", "tags": "edge_106 node_59 node_61", "fill": "blue"}], [527.0, 2881.0, {"text": "office_9_door", "tags": "node_65", "fill": "blue"}], [355.0, 2868.0, {"text": "office_9", "tags": "node_66", "fill": "blue"}], [799.0, 2901.0, {"text": "copyRoom_1_door", "tags": "node_67", "fill": "blue"}], [921.0, 2869.0, {"text": "copyRoom_1", "tags": "node_68", "fill": "blue"}], [441.0, 2861.5, {"text": "fd", "tags": "edge_107 node_66 node_65", "fill": "blue"}], [860.0, 2872.0, {"text": "fd", "tags": "edge_108 node_68 node_67", "fill": "blue"}], [419.0, 2837.0, {"text": "tr", "tags": "edge_109 node_59 node_66", "fill": "blue"}], [410.0, 2867.5, {"text": "tl", "tags": "edge_110 node_62 node_66", "fill": "blue"}], [547.5, 2855.0, {"text": "tl", "tags": "edge_111 node_65 node_60", "fill": "blue"}], [565.5, 2879.0, {"text": "tr", "tags": "edge_112 node_65 node_61", "fill": "blue"}], [783.5, 2869.0, {"text": "tr", "tags": "edge_113 node_67 node_60", "fill": "blue"}], [778.5, 2874.0, {"text": "tl", "tags": "edge_114 node_67 node_61", "fill": "blue"}], [890.0, 2875.0, {"text": "tr", "tags": "edge_115 node_62 node_68", "fill": "blue"}], [888.0, 2839.5, {"text": "tl", "tags": "edge_116 node_59 node_68", "fill": "blue"}], [584.0, 2860.0, {"text": "s", "tags": "edge_117 node_65 node_68", "fill": "blue"}], [750.0, 2875.5, {"text": "s", "tags": "edge_118 node_67 node_66", "fill": "blue"}], [517.0, 3055.0, {"text": "office_10_door", "tags": "node_69", "fill": "blue"}], [391.0, 3055.0, {"text": "office_10", "tags": "node_70", "fill": "blue"}], [457.0, 3040.0, {"text": "fd", "tags": "edge_121 node_70 node_69", "fill": "blue"}], [622.0, 3100.0, {"text": "hallway_6-18d", "tags": "node_71", "fill": "blue"}], [713.0, 3102.0, {"text": "hallway_6-18u", "tags": "node_72", "fill": "blue"}], [721.5, 3077.0, {"text": "cf", "tags": "edge_127 node_72 node_62", "fill": "blue"}], [629.0, 3061.5, {"text": "cf", "tags": "edge_128 node_61 node_71", "fill": "blue"}], [429.0, 3067.5, {"text": "tl", "tags": "edge_130 node_72 node_70", "fill": "blue"}], [430.0, 3018.5, {"text": "tr", "tags": "edge_131 node_61 node_70", "fill": "blue"}], [541.0, 3018.0, {"text": "tl", "tags": "edge_132 node_69 node_62", "fill": "blue"}], [554.5, 3044.5, {"text": "tr", "tags": "edge_133 node_69 node_71", "fill": "blue"}], [810.0, 3317.0, {"text": "hallway_2-1r", "tags": "node_75", "fill": "blue"}], [810.0, 3253.0, {"text": "hallway_2-1l", "tags": "node_76", "fill": "blue"}], [542.0, 3403.0, {"text": "hallway_1-3d", "tags": "node_77", "fill": "blue"}], [736.0, 3402.0, {"text": "hallway_1-3u", "tags": "node_78", "fill": "blue"}], [624.0, 3614.0, {"text": "office_13_door", "tags": "node_79", "fill": "blue"}], [735.0, 3500.0, {"text": "office_14_door", "tags": "node_80", "fill": "blue"}], [821.0, 3536.0, {"text": "office_14", "tags": "node_81", "fill": "blue"}], [605.0, 3722.0, {"text": "office_13", "tags": "node_82", "fill": "blue"}], [582.0, 3528.0, {"text": "hallway_1-2r", "tags": "node_83", "fill": "blue"}], [582.0, 3481.0, {"text": "hallway_1-2l", "tags": "node_84", "fill": "blue"}], [355.0, 3510.0, {"text": "office_12_door", "tags": "node_85", "fill": "blue"}], [256.0, 3509.0, {"text": "office_12", "tags": "node_86", "fill": "blue"}], [326.0, 3487.5, {"text": "fd", "tags": "edge_134 node_86 node_85", "fill": "blue"}], [627.5, 3647.0, {"text": "fd", "tags": "edge_135 node_82 node_79", "fill": "blue"}], [778.0, 3505.0, {"text": "fd", "tags": "edge_136 node_81 node_80", "fill": "blue"}], [456.0, 3560.0, {"text": "hallway_1-1r", "tags": "node_87", "fill": "blue"}], [454.0, 3482.0, {"text": "hallway_1-1l", "tags": "node_88", "fill": "blue"}], [422.0, 3497.0, {"text": "cf", "tags": "edge_139 node_85 node_87", "fill": "blue"}], [403.0, 3468.5, {"text": "s", "tags": "edge_140 node_88 node_86", "fill": "blue"}], [507.5, 3521.0, {"text": "cf", "tags": "edge_141 node_87 node_83", "fill": "blue"}], [514.0, 3464.0, {"text": "cf", "tags": "edge_142 node_84 node_88", "fill": "blue"}], [567.5, 3451.0, {"text": "tr", "tags": "edge_143 node_77 node_84", "fill": "blue"}], [634.5, 3412.0, {"text": "tl", "tags": "edge_144 node_77 node_81", "fill": "blue"}], [613.5, 3422.0, {"text": "s", "tags": "edge_145 node_77 node_82", "fill": "blue"}], [674.5, 3419.0, {"text": "tl", "tags": "edge_146 node_83 node_78", "fill": "blue"}], [586.5, 3639.0, {"text": "tr", "tags": "edge_147 node_83 node_82", "fill": "blue"}], [780.5, 3532.0, {"text": "s", "tags": "edge_148 node_83 node_81", "fill": "blue"}], [771.5, 3556.0, {"text": "tr", "tags": "edge_149 node_79 node_81", "fill": "blue"}], [661.5, 3482.0, {"text": "cf", "tags": "edge_150 node_79 node_78", "fill": "blue"}], [592.0, 3470.5, {"text": "tl", "tags": "edge_151 node_79 node_84", "fill": "blue"}], [723.0, 3454.0, {"text": "tr", "tags": "edge_152 node_80 node_78", "fill": "blue"}], [698.5, 3476.5, {"text": "cf", "tags": "edge_153 node_80 node_84", "fill": "blue"}], [625.0, 3694.0, {"text": "tl", "tags": "edge_154 node_80 node_82", "fill": "blue"}], [613.0, 3355.0, {"text": "hallway_6-20d", "tags": "node_89", "fill": "blue"}], [725.0, 3355.0, {"text": "hallway_6-20u", "tags": "node_90", "fill": "blue"}], [627.0, 3232.0, {"text": "hallway_6-19d", "tags": "node_91", "fill": "blue"}], [726.0, 3214.0, {"text": "hallway_6-19u", "tags": "node_92", "fill": "blue"}], [665.0, 3373.5, {"text": "cf", "tags": "edge_155 node_78 node_90", "fill": "blue"}], [692.0, 3243.5, {"text": "cf", "tags": "edge_156 node_90 node_92", "fill": "blue"}], [709.5, 3144.0, {"text": "cf", "tags": "edge_157 node_92 node_72", "fill": "blue"}], [624.0, 3153.0, {"text": "cf", "tags": "edge_158 node_71 node_91", "fill": "blue"}], [624.0, 3276.5, {"text": "cf", "tags": "edge_159 node_91 node_89", "fill": "blue"}], [620.0, 3367.5, {"text": "cf", "tags": "edge_160 node_89 node_77", "fill": "blue"}], [539.0, 3308.0, {"text": "office_11_door", "tags": "node_93", "fill": "blue"}], [441.0, 3304.0, {"text": "office_11", "tags": "node_94", "fill": "blue"}], [496.0, 3294.0, {"text": "fd", "tags": "edge_161 node_94 node_93", "fill": "blue"}], [563.5, 3279.0, {"text": "tl", "tags": "edge_162 node_93 node_92", "fill": "blue"}], [573.5, 3321.5, {"text": "tr", "tags": "edge_163 node_93 node_89", "fill": "blue"}], [581.5, 3292.5, {"text": "cf", "tags": "edge_164 node_93 node_75", "fill": "blue"}], [473.5, 3267.0, {"text": "tr", "tags": "edge_165 node_91 node_94", "fill": "blue"}], [474.5, 3305.5, {"text": "tl", "tags": "edge_166 node_90 node_94", "fill": "blue"}], [506.5, 3275.5, {"text": "s", "tags": "edge_167 node_76 node_94", "fill": "blue"}], [717.0, 3330.0, {"text": "tr", "tags": "edge_168 node_90 node_75", "fill": "blue"}], [789.0, 3287.5, {"text": "tl", "tags": "edge_169 node_91 node_75", "fill": "blue"}], [963.0, 3330.0, {"text": "hallway_2-2r", "tags": "node_95", "fill": "blue"}], [962.0, 3253.0, {"text": "hallway_2-2l", "tags": "node_96", "fill": "blue"}], [1113.0, 3326.0, {"text": "hallway_2-3r", "tags": "node_97", "fill": "blue"}], [1109.0, 3256.0, {"text": "hallway_2-3l", "tags": "node_98", "fill": "blue"}], [1284.0, 3319.0, {"text": "hallway_2-4r", "tags": "node_99", "fill": "blue"}], [1278.0, 3271.0, {"text": "hallway_2-4l", "tags": "node_100", "fill": "blue"}], [886.5, 3311.5, {"text": "cf", "tags": "edge_170 node_75 node_95", "fill": "blue"}], [1038.0, 3315.0, {"text": "cf", "tags": "edge_171 node_95 node_97", "fill": "blue"}], [1198.5, 3309.5, {"text": "cf", "tags": "edge_172 node_97 node_99", "fill": "blue"}], [1197.0, 3247.0, {"text": "cf", "tags": "edge_173 node_100 node_98", "fill": "blue"}], [1035.5, 3241.5, {"text": "cf", "tags": "edge_174 node_98 node_96", "fill": "blue"}], [886.0, 3240.0, {"text": "cf", "tags": "edge_175 node_96 node_76", "fill": "blue"}], [998.0, 3445.0, {"text": "hallway_8-1d", "tags": "node_101", "fill": "blue"}], [1090.0, 3443.0, {"text": "hallway_8-1u", "tags": "node_102", "fill": "blue"}], [994.5, 3381.5, {"text": "tr", "tags": "edge_176 node_95 node_101", "fill": "blue"}], [1022.5, 3401.5, {"text": "tl", "tags": "edge_177 node_98 node_101", "fill": "blue"}], [1105.5, 3400.0, {"text": "tr", "tags": "edge_178 node_102 node_97", "fill": "blue"}], [1064.5, 3403.0, {"text": "tl", "tags": "edge_179 node_102 node_96", "fill": "blue"}], [1382.0, 3319.0, {"text": "hallway_7-1d", "tags": "node_103", "fill": "blue"}], [1388.0, 3264.0, {"text": "hallway_7-2d", "tags": "node_104", "fill": "blue"}], [1469.0, 3328.0, {"text": "hallway_7-1u", "tags": "node_105", "fill": "blue"}], [1466.0, 3268.0, {"text": "hallway_7-2u", "tags": "node_106", "fill": "blue"}], [1356.0, 3421.0, {"text": "hallway_3-1d", "tags": "node_107", "fill": "blue"}], [1528.0, 3424.0, {"text": "hallway_3-1u", "tags": "node_108", "fill": "blue"}], [1501.0, 3534.0, {"text": "hallway_3-2r", "tags": "node_109", "fill": "blue"}], [1502.0, 3485.0, {"text": "hallway_3-2l", "tags": "node_110", "fill": "blue"}], [1622.0, 3536.0, {"text": "hallway_3-3r", "tags": "node_111", "fill": "blue"}], [1646.0, 3487.0, {"text": "hallway_3-3l", "tags": "node_112", "fill": "blue"}], [1450.0, 3619.0, {"text": "office_28_door", "tags": "node_113", "fill": "blue"}], [1444.0, 3708.0, {"text": "office_28", "tags": "node_114", "fill": "blue"}], [1766.0, 3522.0, {"text": "office_27_door", "tags": "node_115", "fill": "blue"}], [1893.0, 3534.0, {"text": "office_27", "tags": "node_116", "fill": "blue"}], [1341.0, 3303.0, {"text": "cf", "tags": "edge_180 node_99 node_103", "fill": "blue"}], [1355.0, 3242.0, {"text": "tr", "tags": "edge_181 node_104 node_100", "fill": "blue"}], [1376.0, 3362.5, {"text": "tr", "tags": "edge_182 node_103 node_107", "fill": "blue"}], [1495.5, 3467.5, {"text": "tr", "tags": "edge_183 node_110 node_108", "fill": "blue"}], [1579.0, 3461.0, {"text": "cf", "tags": "edge_184 node_112 node_110", "fill": "blue"}], [1579.0, 3515.0, {"text": "cf", "tags": "edge_185 node_109 node_111", "fill": "blue"}], [1487.5, 3516.0, {"text": "tl", "tags": "edge_186 node_107 node_109", "fill": "blue"}], [1459.0, 3382.5, {"text": "cf", "tags": "edge_187 node_108 node_105", "fill": "blue"}], [1479.5, 3257.5, {"text": "cf", "tags": "edge_188 node_105 node_106", "fill": "blue"}], [1552.0, 3300.0, {"text": "office_26_door", "tags": "node_117", "fill": "blue"}], [1675.0, 3307.0, {"text": "office_26", "tags": "node_118", "fill": "blue"}], [1615.5, 3301.0, {"text": "s", "tags": "edge_192 node_103 node_118", "fill": "blue"}], [1643.0, 3306.0, {"text": "tr", "tags": "edge_193 node_105 node_118", "fill": "blue"}], [1627.5, 3274.5, {"text": "tl", "tags": "edge_194 node_104 node_118", "fill": "blue"}], [1296.0, 3076.0, {"text": "hallway_7-3d", "tags": "node_119", "fill": "blue"}], [1455.0, 3091.0, {"text": "hallway_7-3u", "tags": "node_120", "fill": "blue"}], [1522.0, 2949.0, {"text": "hallway_7-4u", "tags": "node_121", "fill": "blue"}], [1306.0, 2964.0, {"text": "hallway_7-4d", "tags": "node_122", "fill": "blue"}], [1468.5, 3163.5, {"text": "cf", "tags": "edge_195 node_106 node_120", "fill": "blue"}], [1408.0, 3168.5, {"text": "cf", "tags": "edge_196 node_119 node_104", "fill": "blue"}], [783.0, 3267.0, {"text": "tl", "tags": "edge_197 node_76 node_89", "fill": "blue"}], [798.0, 3229.5, {"text": "tr", "tags": "edge_198 node_76 node_92", "fill": "blue"}], [1596.5, 3289.5, {"text": "fd", "tags": "edge_199 node_118 node_117", "fill": "blue"}], [1544.0, 3278.0, {"text": "tr", "tags": "edge_200 node_117 node_106", "fill": "blue"}], [1528.0, 3342.0, {"text": "tl", "tags": "edge_201 node_117 node_107", "fill": "blue"}], [1340.5, 3271.0, {"text": "cf", "tags": "edge_202 node_117 node_100", "fill": "blue"}], [1412.0, 3296.0, {"text": "tl", "tags": "edge_203 node_103 node_106", "fill": "blue"}], [1420.0, 3371.0, {"text": "cf", "tags": "edge_204 node_104 node_107", "fill": "blue"}], [1432.0, 3662.5, {"text": "s", "tags": "edge_206 node_107 node_114", "fill": "blue"}], [1453.0, 3644.5, {"text": "fd", "tags": "edge_207 node_114 node_113", "fill": "blue"}], [1478.5, 3593.5, {"text": "tr", "tags": "edge_208 node_113 node_109", "fill": "blue"}], [1454.5, 3559.5, {"text": "cf", "tags": "edge_209 node_113 node_108", "fill": "blue"}], [1833.0, 3541.0, {"text": "s", "tags": "edge_210 node_111 node_116", "fill": "blue"}], [1833.5, 3511.0, {"text": "fd", "tags": "edge_211 node_116 node_115", "fill": "blue"}], [1750.0, 3489.5, {"text": "cf", "tags": "edge_212 node_115 node_112", "fill": "blue"}], [1450.0, 3315.0, {"text": "tl", "tags": "edge_213 node_105 node_100", "fill": "blue"}], [1578.0, 3053.0, {"text": "office_25_door", "tags": "node_123", "fill": "blue"}], [1776.0, 3062.0, {"text": "office_25", "tags": "node_124", "fill": "blue"}], [1726.0, 3066.5, {"text": "tr", "tags": "edge_214 node_120 node_124", "fill": "blue"}], [1380.0, 3012.0, {"text": "cf", "tags": "edge_215 node_122 node_119", "fill": "blue"}], [1459.5, 3017.5, {"text": "cf", "tags": "edge_216 node_120 node_121", "fill": "blue"}], [1732.5, 3032.5, {"text": "tl", "tags": "edge_217 node_122 node_124", "fill": "blue"}], [1654.5, 3040.5, {"text": "fd", "tags": "edge_218 node_124 node_123", "fill": "blue"}], [1547.0, 3022.5, {"text": "tr", "tags": "edge_219 node_123 node_121", "fill": "blue"}], [1522.0, 3047.0, {"text": "tl", "tags": "edge_220 node_123 node_119", "fill": "blue"}], [1366.0, 2829.0, {"text": "hallway_7-5d", "tags": "node_125", "fill": "blue"}], [1449.0, 2831.0, {"text": "hallway_7-5u", "tags": "node_126", "fill": "blue"}], [1598.0, 2877.0, {"text": "office_24_door", "tags": "node_127", "fill": "blue"}], [1747.0, 2869.0, {"text": "office_24", "tags": "node_128", "fill": "blue"}], [1277.0, 2882.0, {"text": "office_15_door", "tags": "node_129", "fill": "blue"}], [1150.0, 2910.0, {"text": "office_15", "tags": "node_130", "fill": "blue"}], [1704.5, 2890.5, {"text": "tr", "tags": "edge_221 node_121 node_128", "fill": "blue"}], [1465.5, 2919.5, {"text": "cf", "tags": "edge_222 node_121 node_126", "fill": "blue"}], [1200.0, 2922.0, {"text": "tl", "tags": "edge_223 node_121 node_130", "fill": "blue"}], [1246.0, 2859.5, {"text": "tr", "tags": "edge_224 node_125 node_130", "fill": "blue"}], [1371.0, 2884.0, {"text": "cf", "tags": "edge_225 node_125 node_122", "fill": "blue"}], [1703.5, 2839.0, {"text": "tl", "tags": "edge_226 node_125 node_128", "fill": "blue"}], [1672.0, 2860.0, {"text": "fd", "tags": "edge_227 node_128 node_127", "fill": "blue"}], [1574.0, 2850.0, {"text": "tr", "tags": "edge_228 node_127 node_126", "fill": "blue"}], [1551.5, 2898.0, {"text": "tl", "tags": "edge_229 node_127 node_122", "fill": "blue"}], [1223.5, 2889.5, {"text": "s", "tags": "edge_230 node_127 node_130", "fill": "blue"}], [1255.5, 2871.0, {"text": "fd", "tags": "edge_231 node_130 node_129", "fill": "blue"}], [1309.0, 2856.5, {"text": "tl", "tags": "edge_232 node_129 node_126", "fill": "blue"}], [1349.5, 2920.5, {"text": "tr", "tags": "edge_233 node_129 node_122", "fill": "blue"}], [1694.0, 2853.5, {"text": "s", "tags": "edge_234 node_129 node_128", "fill": "blue"}], [1483.0, 2609.0, {"text": "hallway_7-6u", "tags": "node_131", "fill": "blue"}], [1384.0, 2611.0, {"text": "hallway_7-6d", "tags": "node_132", "fill": "blue"}], [1534.0, 2458.0, {"text": "hallway_7-7u", "tags": "node_133", "fill": "blue"}], [1340.0, 2468.0, {"text": "hallway_7-7d", "tags": "node_134", "fill": "blue"}], [1518.0, 2309.0, {"text": "hallway_7-8u", "tags": "node_135", "fill": "blue"}], [1335.0, 2336.0, {"text": "hallway_7-8d", "tags": "node_136", "fill": "blue"}], [1578.0, 2556.0, {"text": "office_23_door", "tags": "node_137", "fill": "blue"}], [1745.0, 2558.0, {"text": "office_23", "tags": "node_138", "fill": "blue"}], [1574.0, 2380.0, {"text": "office_22_door", "tags": "node_139", "fill": "blue"}], [1743.0, 2379.0, {"text": "office_22", "tags": "node_140", "fill": "blue"}], [1399.5, 2396.5, {"text": "cf", "tags": "edge_235 node_136 node_134", "fill": "blue"}], [1402.5, 2526.0, {"text": "cf", "tags": "edge_236 node_134 node_132", "fill": "blue"}], [1386.0, 2702.5, {"text": "cf", "tags": "edge_237 node_132 node_125", "fill": "blue"}], [1461.5, 2703.0, {"text": "cf", "tags": "edge_238 node_126 node_131", "fill": "blue"}], [1465.0, 2523.5, {"text": "cf", "tags": "edge_239 node_131 node_133", "fill": "blue"}], [1467.5, 2395.5, {"text": "cf", "tags": "edge_240 node_133 node_135", "fill": "blue"}], [1695.5, 2562.5, {"text": "tr", "tags": "edge_241 node_131 node_138", "fill": "blue"}], [1698.0, 2527.0, {"text": "tl", "tags": "edge_242 node_134 node_138", "fill": "blue"}], [1661.5, 2544.0, {"text": "fd", "tags": "edge_243 node_138 node_137", "fill": "blue"}], [1532.0, 2547.0, {"text": "tl", "tags": "edge_244 node_137 node_132", "fill": "blue"}], [1556.0, 2526.0, {"text": "tr", "tags": "edge_245 node_137 node_133", "fill": "blue"}], [1698.5, 2393.5, {"text": "tr", "tags": "edge_246 node_133 node_140", "fill": "blue"}], [1700.5, 2355.0, {"text": "tl", "tags": "edge_247 node_136 node_140", "fill": "blue"}], [1654.5, 2374.5, {"text": "fd", "tags": "edge_248 node_140 node_139", "fill": "blue"}], [1546.5, 2358.5, {"text": "tr", "tags": "edge_249 node_139 node_135", "fill": "blue"}], [1552.5, 2395.0, {"text": "tl", "tags": "edge_250 node_139 node_134", "fill": "blue"}], [1593.0, 1948.0, {"text": "conferenceRoom_2_door", "tags": "node_141", "fill": "blue"}], [1767.0, 1950.0, {"text": "conferenceRoom_2", "tags": "node_142", "fill": "blue"}], [1378.0, 2085.0, {"text": "hallway_7-9d", "tags": "node_143", "fill": "blue"}], [1472.0, 2052.0, {"text": "hallway_7-9u", "tags": "node_144", "fill": "blue"}], [1363.0, 1869.0, {"text": "hallway_7-10d", "tags": "node_145", "fill": "blue"}], [1481.0, 1869.0, {"text": "hallway_7-10u", "tags": "node_146", "fill": "blue"}], [1482.0, 2184.0, {"text": "cf", "tags": "edge_251 node_135 node_144", "fill": "blue"}], [1478.0, 1899.0, {"text": "cf", "tags": "edge_252 node_144 node_146", "fill": "blue"}], [1380.0, 1992.0, {"text": "cf", "tags": "edge_253 node_145 node_143", "fill": "blue"}], [1398.5, 2229.0, {"text": "cf", "tags": "edge_254 node_143 node_136", "fill": "blue"}], [1229.0, 2012.0, {"text": "tl", "tags": "edge_255 node_48 node_146", "fill": "blue"}], [1342.0, 2070.5, {"text": "tr", "tags": "edge_256 node_48 node_143", "fill": "blue"}], [1696.0, 1954.5, {"text": "s", "tags": "edge_257 node_48 node_142", "fill": "blue"}], [1243.0, 2001.0, {"text": "tl", "tags": "edge_258 node_144 node_46", "fill": "blue"}], [1722.5, 1975.0, {"text": "tr", "tags": "edge_259 node_144 node_142", "fill": "blue"}], [1273.5, 1943.5, {"text": "tr", "tags": "edge_260 node_145 node_46", "fill": "blue"}], [1717.0, 1912.5, {"text": "tl", "tags": "edge_261 node_145 node_142", "fill": "blue"}], [1676.0, 1935.0, {"text": "fd", "tags": "edge_262 node_142 node_141", "fill": "blue"}], [1562.0, 1915.5, {"text": "tr", "tags": "edge_263 node_141 node_146", "fill": "blue"}], [1557.5, 1957.5, {"text": "tl", "tags": "edge_264 node_141 node_143", "fill": "blue"}], [1545.5, 1933.0, {"text": "cf", "tags": "edge_265 node_141 node_46", "fill": "blue"}], [1477.0, 1628.0, {"text": "hallway_7-11u", "tags": "node_147", "fill": "blue"}], [1374.0, 1634.0, {"text": "hallway_7-11d", "tags": "node_148", "fill": "blue"}], [1547.0, 1485.0, {"text": "hallway_7-12u", "tags": "node_149", "fill": "blue"}], [1335.0, 1521.0, {"text": "hallway_7-12d", "tags": "node_150", "fill": "blue"}], [1379.0, 1559.0, {"text": "cf", "tags": "edge_266 node_150 node_148", "fill": "blue"}], [1353.5, 1744.5, {"text": "cf", "tags": "edge_267 node_148 node_145", "fill": "blue"}], [1471.0, 1731.5, {"text": "cf", "tags": "edge_268 node_146 node_147", "fill": "blue"}], [1474.5, 1541.0, {"text": "cf", "tags": "edge_269 node_147 node_149", "fill": "blue"}], [1568.0, 1588.0, {"text": "office_21_door", "tags": "node_151", "fill": "blue"}], [1721.0, 1591.0, {"text": "office_21", "tags": "node_152", "fill": "blue"}], [1668.0, 1600.5, {"text": "tr", "tags": "edge_270 node_147 node_152", "fill": "blue"}], [1675.5, 1558.5, {"text": "tl", "tags": "edge_271 node_150 node_152", "fill": "blue"}], [1632.5, 1572.5, {"text": "fd", "tags": "edge_272 node_152 node_151", "fill": "blue"}], [1565.0, 1552.0, {"text": "tr", "tags": "edge_273 node_151 node_149", "fill": "blue"}], [1534.0, 1575.0, {"text": "tl", "tags": "edge_274 node_151 node_148", "fill": "blue"}], [1487.0, 1352.0, {"text": "hallway_7-13u", "tags": "node_153", "fill": "blue"}], [1375.0, 1375.0, {"text": "hallway_7-13d", "tags": "node_154", "fill": "blue"}], [1598.0, 1388.0, {"text": "office_20_door", "tags": "node_155", "fill": "blue"}], [1752.0, 1384.0, {"text": "office_20", "tags": "node_156", "fill": "blue"}], [1478.0, 1422.0, {"text": "cf", "tags": "edge_275 node_149 node_153", "fill": "blue"}], [1397.5, 1421.5, {"text": "cf", "tags": "edge_276 node_154 node_150", "fill": "blue"}], [1727.0, 1399.0, {"text": "tr", "tags": "edge_277 node_149 node_156", "fill": "blue"}], [1712.5, 1362.5, {"text": "tl", "tags": "edge_278 node_154 node_156", "fill": "blue"}], [1676.0, 1379.0, {"text": "fd", "tags": "edge_279 node_156 node_155", "fill": "blue"}], [1586.0, 1371.0, {"text": "tr", "tags": "edge_280 node_155 node_153", "fill": "blue"}], [1578.0, 1404.0, {"text": "tl", "tags": "edge_281 node_155 node_150", "fill": "blue"}], [1473.0, 1167.0, {"text": "hallway_7-14u", "tags": "node_157", "fill": "blue"}], [1381.0, 1170.0, {"text": "hallway_7-14d", "tags": "node_158", "fill": "blue"}], [1375.0, 1012.0, {"text": "hallway_7-15d", "tags": "node_159", "fill": "blue"}], [1465.0, 1013.0, {"text": "hallway_7-15u", "tags": "node_160", "fill": "blue"}], [1575.0, 1096.0, {"text": "office_19_door", "tags": "node_161", "fill": "blue"}], [1700.0, 1100.0, {"text": "office_19", "tags": "node_162", "fill": "blue"}], [1292.0, 1148.0, {"text": "office_30_door", "tags": "node_163", "fill": "blue"}], [1167.0, 1153.0, {"text": "office_30", "tags": "node_164", "fill": "blue"}], [1472.5, 1258.5, {"text": "cf", "tags": "edge_282 node_153 node_157", "fill": "blue"}], [1471.5, 1090.5, {"text": "cf", "tags": "edge_283 node_157 node_160", "fill": "blue"}], [1378.0, 1078.0, {"text": "cf", "tags": "edge_284 node_159 node_158", "fill": "blue"}], [1378.0, 1259.5, {"text": "cf", "tags": "edge_285 node_158 node_154", "fill": "blue"}], [1586.5, 1120.5, {"text": "tr", "tags": "edge_286 node_157 node_162", "fill": "blue"}], [1610.5, 1060.0, {"text": "tl", "tags": "edge_287 node_159 node_162", "fill": "blue"}], [1637.5, 1085.0, {"text": "fd", "tags": "edge_288 node_162 node_161", "fill": "blue"}], [1549.5, 1063.0, {"text": "tr", "tags": "edge_289 node_161 node_160", "fill": "blue"}], [1547.0, 1109.0, {"text": "tl", "tags": "edge_290 node_161 node_158", "fill": "blue"}], [1548.0, 1080.5, {"text": "s", "tags": "edge_291 node_161 node_164", "fill": "blue"}], [1235.5, 1139.5, {"text": "fd", "tags": "edge_292 node_164 node_163", "fill": "blue"}], [1204.0, 1114.5, {"text": "tr", "tags": "edge_293 node_159 node_164", "fill": "blue"}], [1214.0, 1151.0, {"text": "tl", "tags": "edge_294 node_157 node_164", "fill": "blue"}], [1338.5, 1141.0, {"text": "tr", "tags": "edge_295 node_163 node_158", "fill": "blue"}], [1313.0, 1109.0, {"text": "tl", "tags": "edge_296 node_163 node_160", "fill": "blue"}], [1318.0, 1130.0, {"text": "s", "tags": "edge_297 node_163 node_162", "fill": "blue"}], [1463.0, 880.0, {"text": "hallway_7-16u", "tags": "node_165", "fill": "blue"}], [1358.0, 882.0, {"text": "hallway_7-16d", "tags": "node_166", "fill": "blue"}], [1587.0, 920.0, {"text": "office_18_door", "tags": "node_167", "fill": "blue"}], [1749.0, 908.0, {"text": "office_18", "tags": "node_168", "fill": "blue"}], [1464.5, 932.0, {"text": "cf", "tags": "edge_298 node_160 node_165", "fill": "blue"}], [1366.5, 934.0, {"text": "cf", "tags": "edge_299 node_166 node_159", "fill": "blue"}], [1687.5, 934.0, {"text": "tr", "tags": "edge_300 node_160 node_168", "fill": "blue"}], [1685.5, 886.0, {"text": "tl", "tags": "edge_301 node_166 node_168", "fill": "blue"}], [1660.0, 908.0, {"text": "fd", "tags": "edge_302 node_168 node_167", "fill": "blue"}], [1567.0, 900.0, {"text": "tr", "tags": "edge_303 node_167 node_165", "fill": "blue"}], [1545.0, 937.0, {"text": "tl", "tags": "edge_304 node_167 node_159", "fill": "blue"}], [1424.0, 698.0, {"text": "hallway_7-17d", "tags": "node_169", "fill": "blue"}], [1553.0, 686.0, {"text": "hallway_7-17u", "tags": "node_170", "fill": "blue"}], [1530.0, 527.0, {"text": "hallway_7-18u", "tags": "node_171", "fill": "blue"}], [1405.0, 546.0, {"text": "hallway_7-18d", "tags": "node_172", "fill": "blue"}], [1568.0, 596.0, {"text": "office_17_door", "tags": "node_173", "fill": "blue"}], [1722.0, 599.0, {"text": "office_17", "tags": "node_174", "fill": "blue"}], [1321.0, 654.0, {"text": "office_29_door", "tags": "node_175", "fill": "blue"}], [1171.0, 648.0, {"text": "office_29", "tags": "node_176", "fill": "blue"}], [1471.0, 772.0, {"text": "cf", "tags": "edge_305 node_165 node_170", "fill": "blue"}], [1385.0, 773.0, {"text": "cf", "tags": "edge_306 node_169 node_166", "fill": "blue"}], [1480.5, 602.0, {"text": "cf", "tags": "edge_307 node_170 node_171", "fill": "blue"}], [1408.5, 605.0, {"text": "cf", "tags": "edge_308 node_172 node_169", "fill": "blue"}], [1656.5, 623.5, {"text": "tr", "tags": "edge_309 node_170 node_174", "fill": "blue"}], [1206.5, 647.0, {"text": "tl", "tags": "edge_310 node_170 node_176", "fill": "blue"}], [1273.0, 636.0, {"text": "fd", "tags": "edge_311 node_176 node_175", "fill": "blue"}], [1680.5, 569.5, {"text": "tl", "tags": "edge_312 node_172 node_174", "fill": "blue"}], [1647.0, 585.5, {"text": "fd", "tags": "edge_313 node_174 node_173", "fill": "blue"}], [1565.0, 572.0, {"text": "tr", "tags": "edge_314 node_173 node_171", "fill": "blue"}], [1552.0, 613.0, {"text": "tl", "tags": "edge_315 node_173 node_169", "fill": "blue"}], [1530.5, 579.0, {"text": "s", "tags": "edge_316 node_173 node_176", "fill": "blue"}], [1204.0, 612.0, {"text": "tr", "tags": "edge_317 node_172 node_176", "fill": "blue"}], [1354.5, 671.0, {"text": "tr", "tags": "edge_318 node_175 node_169", "fill": "blue"}], [1334.5, 623.0, {"text": "tl", "tags": "edge_319 node_175 node_171", "fill": "blue"}], [1355.5, 632.5, {"text": "s", "tags": "edge_320 node_175 node_174", "fill": "blue"}], [1496.0, 320.0, {"text": "hallway_7-19u", "tags": "node_177", "fill": "blue"}], [1402.0, 369.0, {"text": "hallway_7-19d", "tags": "node_178", "fill": "blue"}], [1483.0, 214.0, {"text": "hallway_4-1u", "tags": "node_179", "fill": "blue"}], [1394.0, 218.0, {"text": "hallway_4-1d", "tags": "node_180", "fill": "blue"}], [1601.0, 415.0, {"text": "office_16_door", "tags": "node_181", "fill": "blue"}], [1773.0, 413.0, {"text": "office_16", "tags": "node_182", "fill": "blue"}], [1735.5, 433.5, {"text": "tr", "tags": "edge_321 node_171 node_182", "fill": "blue"}], [1751.0, 389.0, {"text": "tl", "tags": "edge_322 node_178 node_182", "fill": "blue"}], [1479.5, 441.5, {"text": "cf", "tags": "edge_323 node_171 node_177", "fill": "blue"}], [1472.0, 279.0, {"text": "cf", "tags": "edge_324 node_177 node_179", "fill": "blue"}], [1398.5, 280.5, {"text": "cf", "tags": "edge_325 node_180 node_178", "fill": "blue"}], [1404.0, 444.5, {"text": "cf", "tags": "edge_326 node_178 node_172", "fill": "blue"}], [1687.0, 401.0, {"text": "fd", "tags": "edge_327 node_182 node_181", "fill": "blue"}], [1587.0, 394.0, {"text": "tr", "tags": "edge_328 node_181 node_177", "fill": "blue"}], [1587.0, 426.5, {"text": "tl", "tags": "edge_329 node_181 node_172", "fill": "blue"}], [598.0, 222.0, {"text": "hallway_5-1d", "tags": "node_183", "fill": "blue"}], [763.0, 207.0, {"text": "hallway_5-1u", "tags": "node_184", "fill": "blue"}], [688.0, 276.5, {"text": "cf", "tags": "edge_330 node_3 node_184", "fill": "blue"}], [598.5, 277.5, {"text": "cf", "tags": "edge_331 node_183 node_2", "fill": "blue"}], [511.0, 280.0, {"text": "tl", "tags": "edge_332 node_0 node_184", "fill": "blue"}], [475.5, 268.0, {"text": "tr", "tags": "edge_333 node_183 node_1", "fill": "blue"}]], "line": [[435.0, 301.0, 498.0, 301.0, {"arrow": "last", "fill": "green", "tags": "edge_0 node_1 node_0"}], [674.0, 348.0, 435.0, 301.0, {"arrow": "last", "fill": "green", "tags": "edge_1 node_3 node_1"}], [498.0, 301.0, 599.0, 346.0, {"arrow": "last", "fill": "green", "tags": "edge_2 node_0 node_2"}], [692.0, 424.0, 674.0, 348.0, {"arrow": "last", "fill": "green", "tags": "edge_3 node_4 node_3"}], [599.0, 346.0, 624.0, 426.0, {"arrow": "last", "fill": "green", "tags": "edge_4 node_2 node_5"}], [624.0, 426.0, 629.0, 526.0, {"arrow": "last", "fill": "green", "tags": "edge_5 node_5 node_7"}], [689.0, 525.0, 692.0, 424.0, {"arrow": "last", "fill": "green", "tags": "edge_6 node_6 node_4"}], [629.0, 526.0, 369.0, 559.0, {"arrow": "last", "fill": "green", "tags": "edge_8 node_7 node_13"}], [689.0, 616.0, 369.0, 559.0, {"arrow": "last", "fill": "green", "tags": "edge_9 node_9 node_13"}], [629.0, 526.0, 629.0, 617.0, {"arrow": "last", "fill": "green", "tags": "edge_10 node_7 node_8"}], [369.0, 559.0, 580.0, 574.0, {"arrow": "last", "fill": "green", "tags": "edge_13 node_13 node_14"}], [580.0, 574.0, 629.0, 617.0, {"arrow": "last", "fill": "green", "tags": "edge_15 node_14 node_8"}], [580.0, 574.0, 689.0, 525.0, {"arrow": "last", "fill": "green", "tags": "edge_16 node_14 node_6"}], [865.0, 613.0, 761.0, 574.0, {"arrow": "last", "fill": "green", "tags": "edge_17 node_11 node_10"}], [761.0, 574.0, 689.0, 525.0, {"arrow": "last", "fill": "green", "tags": "edge_18 node_10 node_6"}], [761.0, 574.0, 629.0, 617.0, {"arrow": "last", "fill": "green", "tags": "edge_19 node_10 node_8"}], [761.0, 574.0, 369.0, 559.0, {"arrow": "last", "fill": "green", "tags": "edge_20 node_10 node_13"}], [580.0, 574.0, 865.0, 613.0, {"arrow": "last", "fill": "green", "tags": "edge_21 node_14 node_11"}], [689.0, 616.0, 689.0, 525.0, {"arrow": "last", "fill": "green", "tags": "edge_22 node_9 node_6"}], [689.0, 616.0, 865.0, 613.0, {"arrow": "last", "fill": "green", "tags": "edge_23 node_9 node_11"}], [392.0, 892.0, 553.0, 924.0, {"arrow": "last", "fill": "green", "tags": "edge_24 node_20 node_19"}], [688.0, 864.0, 689.0, 616.0, {"arrow": "last", "fill": "green", "tags": "edge_25 node_16 node_9"}], [629.0, 617.0, 626.0, 870.0, {"arrow": "last", "fill": "green", "tags": "edge_26 node_8 node_15"}], [698.0, 991.0, 688.0, 864.0, {"arrow": "last", "fill": "green", "tags": "edge_27 node_18 node_16"}], [626.0, 870.0, 629.0, 997.0, {"arrow": "last", "fill": "green", "tags": "edge_28 node_15 node_17"}], [626.0, 870.0, 392.0, 892.0, {"arrow": "last", "fill": "green", "tags": "edge_29 node_15 node_20"}], [698.0, 991.0, 392.0, 892.0, {"arrow": "last", "fill": "green", "tags": "edge_30 node_18 node_20"}], [553.0, 924.0, 688.0, 864.0, {"arrow": "last", "fill": "green", "tags": "edge_31 node_19 node_16"}], [553.0, 924.0, 629.0, 997.0, {"arrow": "last", "fill": "green", "tags": "edge_32 node_19 node_17"}], [629.0, 997.0, 626.0, 1131.0, {"arrow": "last", "fill": "green", "tags": "edge_33 node_17 node_21"}], [690.0, 1117.0, 698.0, 991.0, {"arrow": "last", "fill": "green", "tags": "edge_34 node_22 node_18"}], [690.0, 1117.0, 430.0, 1050.0, {"arrow": "last", "fill": "green", "tags": "edge_35 node_22 node_24"}], [629.0, 997.0, 430.0, 1050.0, {"arrow": "last", "fill": "green", "tags": "edge_36 node_17 node_24"}], [430.0, 1050.0, 544.0, 1064.0, {"arrow": "last", "fill": "green", "tags": "edge_37 node_24 node_23"}], [544.0, 1064.0, 626.0, 1131.0, {"arrow": "last", "fill": "green", "tags": "edge_38 node_23 node_21"}], [544.0, 1064.0, 698.0, 991.0, {"arrow": "last", "fill": "green", "tags": "edge_39 node_23 node_18"}], [696.0, 1327.0, 690.0, 1117.0, {"arrow": "last", "fill": "green", "tags": "edge_40 node_26 node_22"}], [696.0, 1449.0, 696.0, 1327.0, {"arrow": "last", "fill": "green", "tags": "edge_41 node_28 node_26"}], [626.0, 1131.0, 622.0, 1344.0, {"arrow": "last", "fill": "green", "tags": "edge_42 node_21 node_25"}], [622.0, 1344.0, 619.0, 1467.0, {"arrow": "last", "fill": "green", "tags": "edge_43 node_25 node_27"}], [401.0, 1397.0, 562.0, 1409.0, {"arrow": "last", "fill": "green", "tags": "edge_44 node_30 node_29"}], [562.0, 1409.0, 619.0, 1467.0, {"arrow": "last", "fill": "green", "tags": "edge_45 node_29 node_27"}], [562.0, 1409.0, 696.0, 1327.0, {"arrow": "last", "fill": "green", "tags": "edge_46 node_29 node_26"}], [622.0, 1344.0, 401.0, 1397.0, {"arrow": "last", "fill": "green", "tags": "edge_47 node_25 node_30"}], [696.0, 1449.0, 401.0, 1397.0, {"arrow": "last", "fill": "green", "tags": "edge_48 node_28 node_30"}], [619.0, 1467.0, 576.0, 1621.0, {"arrow": "last", "fill": "green", "tags": "edge_49 node_27 node_32"}], [689.0, 1621.0, 696.0, 1449.0, {"arrow": "last", "fill": "green", "tags": "edge_50 node_31 node_28"}], [295.0, 1571.0, 433.0, 1564.0, {"arrow": "last", "fill": "green", "tags": "edge_51 node_34 node_33"}], [433.0, 1564.0, 576.0, 1621.0, {"arrow": "last", "fill": "green", "tags": "edge_52 node_33 node_32"}], [433.0, 1564.0, 696.0, 1449.0, {"arrow": "last", "fill": "green", "tags": "edge_53 node_33 node_28"}], [619.0, 1467.0, 295.0, 1571.0, {"arrow": "last", "fill": "green", "tags": "edge_54 node_27 node_34"}], [689.0, 1621.0, 295.0, 1571.0, {"arrow": "last", "fill": "green", "tags": "edge_55 node_31 node_34"}], [305.0, 1898.0, 438.0, 1900.0, {"arrow": "last", "fill": "green", "tags": "edge_56 node_44 node_36"}], [299.0, 2058.0, 446.0, 2053.0, {"arrow": "last", "fill": "green", "tags": "edge_57 node_45 node_37"}], [643.0, 1812.0, 689.0, 1621.0, {"arrow": "last", "fill": "green", "tags": "edge_58 node_41 node_31"}], [648.0, 1957.0, 643.0, 1812.0, {"arrow": "last", "fill": "green", "tags": "edge_59 node_40 node_41"}], [652.0, 2100.0, 648.0, 1957.0, {"arrow": "last", "fill": "green", "tags": "edge_60 node_43 node_40"}], [576.0, 1621.0, 522.0, 1832.0, {"arrow": "last", "fill": "green", "tags": "edge_61 node_32 node_39"}], [522.0, 1832.0, 524.0, 1971.0, {"arrow": "last", "fill": "green", "tags": "edge_62 node_39 node_38"}], [524.0, 1971.0, 521.0, 2121.0, {"arrow": "last", "fill": "green", "tags": "edge_63 node_38 node_42"}], [861.0, 2026.0, 1219.0, 2028.0, {"arrow": "last", "fill": "green", "tags": "edge_64 node_47 node_48"}], [1222.0, 1975.0, 841.0, 1970.0, {"arrow": "last", "fill": "green", "tags": "edge_65 node_46 node_35"}], [652.0, 2100.0, 861.0, 2026.0, {"arrow": "last", "fill": "green", "tags": "edge_70 node_43 node_47"}], [522.0, 1832.0, 861.0, 2026.0, {"arrow": "last", "fill": "green", "tags": "edge_71 node_39 node_47"}], [438.0, 1900.0, 861.0, 2026.0, {"arrow": "last", "fill": "green", "tags": "edge_72 node_36 node_47"}], [446.0, 2053.0, 861.0, 2026.0, {"arrow": "last", "fill": "green", "tags": "edge_73 node_37 node_47"}], [438.0, 1900.0, 643.0, 1812.0, {"arrow": "last", "fill": "green", "tags": "edge_74 node_36 node_41"}], [438.0, 1900.0, 524.0, 1971.0, {"arrow": "last", "fill": "green", "tags": "edge_75 node_36 node_38"}], [446.0, 2053.0, 648.0, 1957.0, {"arrow": "last", "fill": "green", "tags": "edge_76 node_37 node_40"}], [446.0, 2053.0, 521.0, 2121.0, {"arrow": "last", "fill": "green", "tags": "edge_77 node_37 node_42"}], [648.0, 1957.0, 305.0, 1898.0, {"arrow": "last", "fill": "green", "tags": "edge_78 node_40 node_44"}], [522.0, 1832.0, 305.0, 1898.0, {"arrow": "last", "fill": "green", "tags": "edge_79 node_39 node_44"}], [524.0, 1971.0, 299.0, 2058.0, {"arrow": "last", "fill": "green", "tags": "edge_80 node_38 node_45"}], [652.0, 2100.0, 299.0, 2058.0, {"arrow": "last", "fill": "green", "tags": "edge_81 node_43 node_45"}], [841.0, 1970.0, 643.0, 1812.0, {"arrow": "last", "fill": "green", "tags": "edge_83 node_35 node_41"}], [841.0, 1970.0, 521.0, 2121.0, {"arrow": "last", "fill": "green", "tags": "edge_84 node_35 node_42"}], [841.0, 1970.0, 305.0, 1898.0, {"arrow": "last", "fill": "green", "tags": "edge_85 node_35 node_44"}], [841.0, 1970.0, 299.0, 2058.0, {"arrow": "last", "fill": "green", "tags": "edge_86 node_35 node_45"}], [310.0, 2386.0, 422.0, 2388.0, {"arrow": "last", "fill": "green", "tags": "edge_87 node_56 node_55"}], [521.0, 2121.0, 518.0, 2322.0, {"arrow": "last", "fill": "green", "tags": "edge_88 node_42 node_49"}], [684.0, 2471.0, 663.0, 2326.0, {"arrow": "last", "fill": "green", "tags": "edge_89 node_52 node_50"}], [663.0, 2326.0, 652.0, 2100.0, {"arrow": "last", "fill": "green", "tags": "edge_90 node_50 node_43"}], [518.0, 2322.0, 617.0, 2468.0, {"arrow": "last", "fill": "green", "tags": "edge_91 node_49 node_51"}], [422.0, 2388.0, 663.0, 2326.0, {"arrow": "last", "fill": "green", "tags": "edge_92 node_55 node_50"}], [422.0, 2388.0, 617.0, 2468.0, {"arrow": "last", "fill": "green", "tags": "edge_93 node_55 node_51"}], [680.0, 2624.0, 684.0, 2471.0, {"arrow": "last", "fill": "green", "tags": "edge_94 node_54 node_52"}], [617.0, 2468.0, 616.0, 2630.0, {"arrow": "last", "fill": "green", "tags": "edge_95 node_51 node_53"}], [518.0, 2322.0, 310.0, 2386.0, {"arrow": "last", "fill": "green", "tags": "edge_96 node_49 node_56"}], [684.0, 2471.0, 310.0, 2386.0, {"arrow": "last", "fill": "green", "tags": "edge_97 node_52 node_56"}], [334.0, 2543.0, 513.0, 2546.0, {"arrow": "last", "fill": "green", "tags": "edge_98 node_58 node_57"}], [513.0, 2546.0, 616.0, 2630.0, {"arrow": "last", "fill": "green", "tags": "edge_99 node_57 node_53"}], [513.0, 2546.0, 684.0, 2471.0, {"arrow": "last", "fill": "green", "tags": "edge_100 node_57 node_52"}], [617.0, 2468.0, 334.0, 2543.0, {"arrow": "last", "fill": "green", "tags": "edge_101 node_51 node_58"}], [680.0, 2624.0, 334.0, 2543.0, {"arrow": "last", "fill": "green", "tags": "edge_102 node_54 node_58"}], [709.0, 2944.0, 708.0, 2804.0, {"arrow": "last", "fill": "green", "tags": "edge_103 node_62 node_60"}], [708.0, 2804.0, 680.0, 2624.0, {"arrow": "last", "fill": "green", "tags": "edge_104 node_60 node_54"}], [616.0, 2630.0, 627.0, 2809.0, {"arrow": "last", "fill": "green", "tags": "edge_105 node_53 node_59"}], [627.0, 2809.0, 619.0, 2943.0, {"arrow": "last", "fill": "green", "tags": "edge_106 node_59 node_61"}], [355.0, 2855.0, 527.0, 2868.0, {"arrow": "last", "fill": "green", "tags": "edge_107 node_66 node_65"}], [921.0, 2856.0, 799.0, 2888.0, {"arrow": "last", "fill": "green", "tags": "edge_108 node_68 node_67"}], [627.0, 2809.0, 355.0, 2855.0, {"arrow": "last", "fill": "green", "tags": "edge_109 node_59 node_66"}], [709.0, 2944.0, 355.0, 2855.0, {"arrow": "last", "fill": "green", "tags": "edge_110 node_62 node_66"}], [527.0, 2868.0, 708.0, 2804.0, {"arrow": "last", "fill": "green", "tags": "edge_111 node_65 node_60"}], [527.0, 2868.0, 619.0, 2943.0, {"arrow": "last", "fill": "green", "tags": "edge_112 node_65 node_61"}], [799.0, 2888.0, 708.0, 2804.0, {"arrow": "last", "fill": "green", "tags": "edge_113 node_67 node_60"}], [799.0, 2888.0, 619.0, 2943.0, {"arrow": "last", "fill": "green", "tags": "edge_114 node_67 node_61"}], [709.0, 2944.0, 921.0, 2856.0, {"arrow": "last", "fill": "green", "tags": "edge_115 node_62 node_68"}], [627.0, 2809.0, 921.0, 2856.0, {"arrow": "last", "fill": "green", "tags": "edge_116 node_59 node_68"}], [527.0, 2868.0, 921.0, 2856.0, {"arrow": "last", "fill": "green", "tags": "edge_117 node_65 node_68"}], [799.0, 2888.0, 355.0, 2855.0, {"arrow": "last", "fill": "green", "tags": "edge_118 node_67 node_66"}], [391.0, 3042.0, 523.0, 3038.0, {"arrow": "last", "fill": "green", "tags": "edge_121 node_70 node_69"}], [713.0, 3089.0, 709.0, 2944.0, {"arrow": "last", "fill": "green", "tags": "edge_127 node_72 node_62"}], [619.0, 2943.0, 622.0, 3087.0, {"arrow": "last", "fill": "green", "tags": "edge_128 node_61 node_71"}], [713.0, 3089.0, 391.0, 3042.0, {"arrow": "last", "fill": "green", "tags": "edge_130 node_72 node_70"}], [619.0, 2943.0, 391.0, 3042.0, {"arrow": "last", "fill": "green", "tags": "edge_131 node_61 node_70"}], [523.0, 3038.0, 709.0, 2944.0, {"arrow": "last", "fill": "green", "tags": "edge_132 node_69 node_62"}], [523.0, 3038.0, 622.0, 3087.0, {"arrow": "last", "fill": "green", "tags": "edge_133 node_69 node_71"}], [256.0, 3496.0, 355.0, 3497.0, {"arrow": "last", "fill": "green", "tags": "edge_134 node_86 node_85"}], [605.0, 3709.0, 624.0, 3601.0, {"arrow": "last", "fill": "green", "tags": "edge_135 node_82 node_79"}], [821.0, 3523.0, 735.0, 3487.0, {"arrow": "last", "fill": "green", "tags": "edge_136 node_81 node_80"}], [355.0, 3497.0, 453.0, 3511.0, {"arrow": "last", "fill": "green", "tags": "edge_139 node_85 node_87"}], [454.0, 3469.0, 256.0, 3496.0, {"arrow": "last", "fill": "green", "tags": "edge_140 node_88 node_86"}], [453.0, 3511.0, 582.0, 3515.0, {"arrow": "last", "fill": "green", "tags": "edge_141 node_87 node_83"}], [582.0, 3468.0, 454.0, 3469.0, {"arrow": "last", "fill": "green", "tags": "edge_142 node_84 node_88"}], [608.0, 3403.0, 582.0, 3468.0, {"arrow": "last", "fill": "green", "tags": "edge_143 node_77 node_84"}], [608.0, 3403.0, 821.0, 3523.0, {"arrow": "last", "fill": "green", "tags": "edge_144 node_77 node_81"}], [608.0, 3403.0, 605.0, 3709.0, {"arrow": "last", "fill": "green", "tags": "edge_145 node_77 node_82"}], [582.0, 3515.0, 675.0, 3401.0, {"arrow": "last", "fill": "green", "tags": "edge_146 node_83 node_78"}], [582.0, 3515.0, 605.0, 3709.0, {"arrow": "last", "fill": "green", "tags": "edge_147 node_83 node_82"}], [582.0, 3515.0, 821.0, 3523.0, {"arrow": "last", "fill": "green", "tags": "edge_148 node_83 node_81"}], [624.0, 3601.0, 821.0, 3523.0, {"arrow": "last", "fill": "green", "tags": "edge_149 node_79 node_81"}], [624.0, 3601.0, 675.0, 3401.0, {"arrow": "last", "fill": "green", "tags": "edge_150 node_79 node_78"}], [624.0, 3601.0, 582.0, 3468.0, {"arrow": "last", "fill": "green", "tags": "edge_151 node_79 node_84"}], [735.0, 3487.0, 675.0, 3401.0, {"arrow": "last", "fill": "green", "tags": "edge_152 node_80 node_78"}], [735.0, 3487.0, 582.0, 3468.0, {"arrow": "last", "fill": "green", "tags": "edge_153 node_80 node_84"}], [735.0, 3487.0, 605.0, 3709.0, {"arrow": "last", "fill": "green", "tags": "edge_154 node_80 node_82"}], [675.0, 3401.0, 672.0, 3330.0, {"arrow": "last", "fill": "green", "tags": "edge_155 node_78 node_90"}], [672.0, 3330.0, 686.0, 3221.0, {"arrow": "last", "fill": "green", "tags": "edge_156 node_90 node_92"}], [686.0, 3221.0, 713.0, 3089.0, {"arrow": "last", "fill": "green", "tags": "edge_157 node_92 node_72"}], [622.0, 3087.0, 626.0, 3219.0, {"arrow": "last", "fill": "green", "tags": "edge_158 node_71 node_91"}], [626.0, 3219.0, 622.0, 3334.0, {"arrow": "last", "fill": "green", "tags": "edge_159 node_91 node_89"}], [622.0, 3334.0, 608.0, 3403.0, {"arrow": "last", "fill": "green", "tags": "edge_160 node_89 node_77"}], [441.0, 3291.0, 551.0, 3297.0, {"arrow": "last", "fill": "green", "tags": "edge_161 node_94 node_93"}], [551.0, 3297.0, 686.0, 3221.0, {"arrow": "last", "fill": "green", "tags": "edge_162 node_93 node_92"}], [551.0, 3297.0, 622.0, 3334.0, {"arrow": "last", "fill": "green", "tags": "edge_163 node_93 node_89"}], [551.0, 3297.0, 810.0, 3304.0, {"arrow": "last", "fill": "green", "tags": "edge_164 node_93 node_75"}], [626.0, 3219.0, 441.0, 3291.0, {"arrow": "last", "fill": "green", "tags": "edge_165 node_91 node_94"}], [672.0, 3330.0, 441.0, 3291.0, {"arrow": "last", "fill": "green", "tags": "edge_166 node_90 node_94"}], [810.0, 3240.0, 441.0, 3291.0, {"arrow": "last", "fill": "green", "tags": "edge_167 node_76 node_94"}], [672.0, 3330.0, 810.0, 3304.0, {"arrow": "last", "fill": "green", "tags": "edge_168 node_90 node_75"}], [626.0, 3219.0, 810.0, 3304.0, {"arrow": "last", "fill": "green", "tags": "edge_169 node_91 node_75"}], [810.0, 3304.0, 963.0, 3317.0, {"arrow": "last", "fill": "green", "tags": "edge_170 node_75 node_95"}], [963.0, 3317.0, 1113.0, 3313.0, {"arrow": "last", "fill": "green", "tags": "edge_171 node_95 node_97"}], [1113.0, 3313.0, 1284.0, 3306.0, {"arrow": "last", "fill": "green", "tags": "edge_172 node_97 node_99"}], [1285.0, 3251.0, 1109.0, 3243.0, {"arrow": "last", "fill": "green", "tags": "edge_173 node_100 node_98"}], [1109.0, 3243.0, 962.0, 3240.0, {"arrow": "last", "fill": "green", "tags": "edge_174 node_98 node_96"}], [962.0, 3240.0, 810.0, 3240.0, {"arrow": "last", "fill": "green", "tags": "edge_175 node_96 node_76"}], [963.0, 3317.0, 997.0, 3425.0, {"arrow": "last", "fill": "green", "tags": "edge_176 node_95 node_101"}], [1109.0, 3243.0, 997.0, 3425.0, {"arrow": "last", "fill": "green", "tags": "edge_177 node_98 node_101"}], [1091.0, 3416.0, 1113.0, 3313.0, {"arrow": "last", "fill": "green", "tags": "edge_178 node_102 node_97"}], [1091.0, 3416.0, 962.0, 3240.0, {"arrow": "last", "fill": "green", "tags": "edge_179 node_102 node_96"}], [1284.0, 3306.0, 1382.0, 3306.0, {"arrow": "last", "fill": "green", "tags": "edge_180 node_99 node_103"}], [1388.0, 3251.0, 1285.0, 3251.0, {"arrow": "last", "fill": "green", "tags": "edge_181 node_104 node_100"}], [1382.0, 3306.0, 1427.0, 3423.0, {"arrow": "last", "fill": "green", "tags": "edge_182 node_103 node_107"}], [1502.0, 3472.0, 1473.0, 3421.0, {"arrow": "last", "fill": "green", "tags": "edge_183 node_110 node_108"}], [1646.0, 3474.0, 1502.0, 3472.0, {"arrow": "last", "fill": "green", "tags": "edge_184 node_112 node_110"}], [1501.0, 3521.0, 1649.0, 3521.0, {"arrow": "last", "fill": "green", "tags": "edge_185 node_109 node_111"}], [1427.0, 3423.0, 1501.0, 3521.0, {"arrow": "last", "fill": "green", "tags": "edge_186 node_107 node_109"}], [1473.0, 3421.0, 1469.0, 3315.0, {"arrow": "last", "fill": "green", "tags": "edge_187 node_108 node_105"}], [1469.0, 3315.0, 1466.0, 3255.0, {"arrow": "last", "fill": "green", "tags": "edge_188 node_105 node_106"}], [1382.0, 3306.0, 1675.0, 3294.0, {"arrow": "last", "fill": "green", "tags": "edge_192 node_103 node_118"}], [1469.0, 3315.0, 1675.0, 3294.0, {"arrow": "last", "fill": "green", "tags": "edge_193 node_105 node_118"}], [1388.0, 3251.0, 1675.0, 3294.0, {"arrow": "last", "fill": "green", "tags": "edge_194 node_104 node_118"}], [1466.0, 3255.0, 1455.0, 3078.0, {"arrow": "last", "fill": "green", "tags": "edge_195 node_106 node_120"}], [1384.0, 3072.0, 1388.0, 3251.0, {"arrow": "last", "fill": "green", "tags": "edge_196 node_119 node_104"}], [810.0, 3240.0, 622.0, 3334.0, {"arrow": "last", "fill": "green", "tags": "edge_197 node_76 node_89"}], [810.0, 3240.0, 686.0, 3221.0, {"arrow": "last", "fill": "green", "tags": "edge_198 node_76 node_92"}], [1675.0, 3294.0, 1552.0, 3287.0, {"arrow": "last", "fill": "green", "tags": "edge_199 node_118 node_117"}], [1552.0, 3287.0, 1466.0, 3255.0, {"arrow": "last", "fill": "green", "tags": "edge_200 node_117 node_106"}], [1552.0, 3287.0, 1427.0, 3423.0, {"arrow": "last", "fill": "green", "tags": "edge_201 node_117 node_107"}], [1552.0, 3287.0, 1285.0, 3251.0, {"arrow": "last", "fill": "green", "tags": "edge_202 node_117 node_100"}], [1382.0, 3306.0, 1466.0, 3255.0, {"arrow": "last", "fill": "green", "tags": "edge_203 node_103 node_106"}], [1388.0, 3251.0, 1427.0, 3423.0, {"arrow": "last", "fill": "green", "tags": "edge_204 node_104 node_107"}], [1427.0, 3423.0, 1444.0, 3695.0, {"arrow": "last", "fill": "green", "tags": "edge_206 node_107 node_114"}], [1444.0, 3695.0, 1452.0, 3600.0, {"arrow": "last", "fill": "green", "tags": "edge_207 node_114 node_113"}], [1452.0, 3600.0, 1501.0, 3521.0, {"arrow": "last", "fill": "green", "tags": "edge_208 node_113 node_109"}], [1452.0, 3600.0, 1473.0, 3421.0, {"arrow": "last", "fill": "green", "tags": "edge_209 node_113 node_108"}], [1649.0, 3521.0, 1893.0, 3521.0, {"arrow": "last", "fill": "green", "tags": "edge_210 node_111 node_116"}], [1893.0, 3521.0, 1766.0, 3509.0, {"arrow": "last", "fill": "green", "tags": "edge_211 node_116 node_115"}], [1766.0, 3509.0, 1646.0, 3474.0, {"arrow": "last", "fill": "green", "tags": "edge_212 node_115 node_112"}], [1469.0, 3315.0, 1285.0, 3251.0, {"arrow": "last", "fill": "green", "tags": "edge_213 node_105 node_100"}], [1455.0, 3078.0, 1777.0, 3049.0, {"arrow": "last", "fill": "green", "tags": "edge_214 node_120 node_124"}], [1376.0, 2952.0, 1384.0, 3072.0, {"arrow": "last", "fill": "green", "tags": "edge_215 node_122 node_119"}], [1455.0, 3078.0, 1460.0, 2951.0, {"arrow": "last", "fill": "green", "tags": "edge_216 node_120 node_121"}], [1376.0, 2952.0, 1777.0, 3049.0, {"arrow": "last", "fill": "green", "tags": "edge_217 node_122 node_124"}], [1777.0, 3049.0, 1578.0, 3040.0, {"arrow": "last", "fill": "green", "tags": "edge_218 node_124 node_123"}], [1578.0, 3040.0, 1460.0, 2951.0, {"arrow": "last", "fill": "green", "tags": "edge_219 node_123 node_121"}], [1578.0, 3040.0, 1384.0, 3072.0, {"arrow": "last", "fill": "green", "tags": "edge_220 node_123 node_119"}], [1460.0, 2951.0, 1747.0, 2856.0, {"arrow": "last", "fill": "green", "tags": "edge_221 node_121 node_128"}], [1460.0, 2951.0, 1459.0, 2822.0, {"arrow": "last", "fill": "green", "tags": "edge_222 node_121 node_126"}], [1460.0, 2951.0, 1150.0, 2897.0, {"arrow": "last", "fill": "green", "tags": "edge_223 node_121 node_130"}], [1366.0, 2816.0, 1150.0, 2897.0, {"arrow": "last", "fill": "green", "tags": "edge_224 node_125 node_130"}], [1366.0, 2816.0, 1376.0, 2952.0, {"arrow": "last", "fill": "green", "tags": "edge_225 node_125 node_122"}], [1366.0, 2816.0, 1747.0, 2856.0, {"arrow": "last", "fill": "green", "tags": "edge_226 node_125 node_128"}], [1747.0, 2856.0, 1597.0, 2864.0, {"arrow": "last", "fill": "green", "tags": "edge_227 node_128 node_127"}], [1597.0, 2864.0, 1459.0, 2822.0, {"arrow": "last", "fill": "green", "tags": "edge_228 node_127 node_126"}], [1597.0, 2864.0, 1376.0, 2952.0, {"arrow": "last", "fill": "green", "tags": "edge_229 node_127 node_122"}], [1597.0, 2864.0, 1150.0, 2897.0, {"arrow": "last", "fill": "green", "tags": "edge_230 node_127 node_130"}], [1150.0, 2897.0, 1277.0, 2869.0, {"arrow": "last", "fill": "green", "tags": "edge_231 node_130 node_129"}], [1277.0, 2869.0, 1459.0, 2822.0, {"arrow": "last", "fill": "green", "tags": "edge_232 node_129 node_126"}], [1277.0, 2869.0, 1376.0, 2952.0, {"arrow": "last", "fill": "green", "tags": "edge_233 node_129 node_122"}], [1277.0, 2869.0, 1747.0, 2856.0, {"arrow": "last", "fill": "green", "tags": "edge_234 node_129 node_128"}], [1400.0, 2330.0, 1399.0, 2463.0, {"arrow": "last", "fill": "green", "tags": "edge_235 node_136 node_134"}], [1399.0, 2463.0, 1406.0, 2589.0, {"arrow": "last", "fill": "green", "tags": "edge_236 node_134 node_132"}], [1406.0, 2589.0, 1366.0, 2816.0, {"arrow": "last", "fill": "green", "tags": "edge_237 node_132 node_125"}], [1459.0, 2822.0, 1464.0, 2584.0, {"arrow": "last", "fill": "green", "tags": "edge_238 node_126 node_131"}], [1464.0, 2584.0, 1466.0, 2463.0, {"arrow": "last", "fill": "green", "tags": "edge_239 node_131 node_133"}], [1466.0, 2463.0, 1469.0, 2328.0, {"arrow": "last", "fill": "green", "tags": "edge_240 node_133 node_135"}], [1464.0, 2584.0, 1745.0, 2545.0, {"arrow": "last", "fill": "green", "tags": "edge_241 node_131 node_138"}], [1399.0, 2463.0, 1745.0, 2545.0, {"arrow": "last", "fill": "green", "tags": "edge_242 node_134 node_138"}], [1745.0, 2545.0, 1578.0, 2543.0, {"arrow": "last", "fill": "green", "tags": "edge_243 node_138 node_137"}], [1578.0, 2543.0, 1406.0, 2589.0, {"arrow": "last", "fill": "green", "tags": "edge_244 node_137 node_132"}], [1578.0, 2543.0, 1466.0, 2463.0, {"arrow": "last", "fill": "green", "tags": "edge_245 node_137 node_133"}], [1466.0, 2463.0, 1743.0, 2366.0, {"arrow": "last", "fill": "green", "tags": "edge_246 node_133 node_140"}], [1400.0, 2330.0, 1743.0, 2366.0, {"arrow": "last", "fill": "green", "tags": "edge_247 node_136 node_140"}], [1743.0, 2366.0, 1574.0, 2367.0, {"arrow": "last", "fill": "green", "tags": "edge_248 node_140 node_139"}], [1574.0, 2367.0, 1469.0, 2328.0, {"arrow": "last", "fill": "green", "tags": "edge_249 node_139 node_135"}], [1574.0, 2367.0, 1399.0, 2463.0, {"arrow": "last", "fill": "green", "tags": "edge_250 node_139 node_134"}], [1469.0, 2328.0, 1472.0, 2039.0, {"arrow": "last", "fill": "green", "tags": "edge_251 node_135 node_144"}], [1472.0, 2039.0, 1481.0, 1856.0, {"arrow": "last", "fill": "green", "tags": "edge_252 node_144 node_146"}], [1363.0, 1856.0, 1378.0, 2072.0, {"arrow": "last", "fill": "green", "tags": "edge_253 node_145 node_143"}], [1378.0, 2072.0, 1400.0, 2330.0, {"arrow": "last", "fill": "green", "tags": "edge_254 node_143 node_136"}], [1219.0, 2028.0, 1481.0, 1856.0, {"arrow": "last", "fill": "green", "tags": "edge_255 node_48 node_146"}], [1219.0, 2028.0, 1378.0, 2072.0, {"arrow": "last", "fill": "green", "tags": "edge_256 node_48 node_143"}], [1219.0, 2028.0, 1767.0, 1937.0, {"arrow": "last", "fill": "green", "tags": "edge_257 node_48 node_142"}], [1472.0, 2039.0, 1222.0, 1975.0, {"arrow": "last", "fill": "green", "tags": "edge_258 node_144 node_46"}], [1472.0, 2039.0, 1767.0, 1937.0, {"arrow": "last", "fill": "green", "tags": "edge_259 node_144 node_142"}], [1363.0, 1856.0, 1222.0, 1975.0, {"arrow": "last", "fill": "green", "tags": "edge_260 node_145 node_46"}], [1363.0, 1856.0, 1767.0, 1937.0, {"arrow": "last", "fill": "green", "tags": "edge_261 node_145 node_142"}], [1767.0, 1937.0, 1585.0, 1933.0, {"arrow": "last", "fill": "green", "tags": "edge_262 node_142 node_141"}], [1585.0, 1933.0, 1481.0, 1856.0, {"arrow": "last", "fill": "green", "tags": "edge_263 node_141 node_146"}], [1585.0, 1933.0, 1378.0, 2072.0, {"arrow": "last", "fill": "green", "tags": "edge_264 node_141 node_143"}], [1585.0, 1933.0, 1222.0, 1975.0, {"arrow": "last", "fill": "green", "tags": "edge_265 node_141 node_46"}], [1420.0, 1481.0, 1374.0, 1621.0, {"arrow": "last", "fill": "green", "tags": "edge_266 node_150 node_148"}], [1374.0, 1621.0, 1363.0, 1856.0, {"arrow": "last", "fill": "green", "tags": "edge_267 node_148 node_145"}], [1481.0, 1856.0, 1477.0, 1615.0, {"arrow": "last", "fill": "green", "tags": "edge_268 node_146 node_147"}], [1477.0, 1615.0, 1484.0, 1481.0, {"arrow": "last", "fill": "green", "tags": "edge_269 node_147 node_149"}], [1477.0, 1615.0, 1721.0, 1578.0, {"arrow": "last", "fill": "green", "tags": "edge_270 node_147 node_152"}], [1420.0, 1481.0, 1721.0, 1578.0, {"arrow": "last", "fill": "green", "tags": "edge_271 node_150 node_152"}], [1721.0, 1578.0, 1568.0, 1575.0, {"arrow": "last", "fill": "green", "tags": "edge_272 node_152 node_151"}], [1568.0, 1575.0, 1484.0, 1481.0, {"arrow": "last", "fill": "green", "tags": "edge_273 node_151 node_149"}], [1568.0, 1575.0, 1374.0, 1621.0, {"arrow": "last", "fill": "green", "tags": "edge_274 node_151 node_148"}], [1484.0, 1481.0, 1472.0, 1363.0, {"arrow": "last", "fill": "green", "tags": "edge_275 node_149 node_153"}], [1375.0, 1362.0, 1420.0, 1481.0, {"arrow": "last", "fill": "green", "tags": "edge_276 node_154 node_150"}], [1484.0, 1481.0, 1752.0, 1371.0, {"arrow": "last", "fill": "green", "tags": "edge_277 node_149 node_156"}], [1375.0, 1362.0, 1752.0, 1371.0, {"arrow": "last", "fill": "green", "tags": "edge_278 node_154 node_156"}], [1752.0, 1371.0, 1598.0, 1375.0, {"arrow": "last", "fill": "green", "tags": "edge_279 node_156 node_155"}], [1598.0, 1375.0, 1472.0, 1363.0, {"arrow": "last", "fill": "green", "tags": "edge_280 node_155 node_153"}], [1598.0, 1375.0, 1420.0, 1481.0, {"arrow": "last", "fill": "green", "tags": "edge_281 node_155 node_150"}], [1472.0, 1363.0, 1473.0, 1154.0, {"arrow": "last", "fill": "green", "tags": "edge_282 node_153 node_157"}], [1473.0, 1154.0, 1466.0, 997.0, {"arrow": "last", "fill": "green", "tags": "edge_283 node_157 node_160"}], [1375.0, 999.0, 1381.0, 1157.0, {"arrow": "last", "fill": "green", "tags": "edge_284 node_159 node_158"}], [1381.0, 1157.0, 1375.0, 1362.0, {"arrow": "last", "fill": "green", "tags": "edge_285 node_158 node_154"}], [1473.0, 1154.0, 1700.0, 1087.0, {"arrow": "last", "fill": "green", "tags": "edge_286 node_157 node_162"}], [1375.0, 999.0, 1700.0, 1087.0, {"arrow": "last", "fill": "green", "tags": "edge_287 node_159 node_162"}], [1700.0, 1087.0, 1575.0, 1083.0, {"arrow": "last", "fill": "green", "tags": "edge_288 node_162 node_161"}], [1575.0, 1083.0, 1466.0, 997.0, {"arrow": "last", "fill": "green", "tags": "edge_289 node_161 node_160"}], [1575.0, 1083.0, 1381.0, 1157.0, {"arrow": "last", "fill": "green", "tags": "edge_290 node_161 node_158"}], [1575.0, 1083.0, 1167.0, 1140.0, {"arrow": "last", "fill": "green", "tags": "edge_291 node_161 node_164"}], [1167.0, 1140.0, 1292.0, 1135.0, {"arrow": "last", "fill": "green", "tags": "edge_292 node_164 node_163"}], [1375.0, 999.0, 1167.0, 1140.0, {"arrow": "last", "fill": "green", "tags": "edge_293 node_159 node_164"}], [1473.0, 1154.0, 1167.0, 1140.0, {"arrow": "last", "fill": "green", "tags": "edge_294 node_157 node_164"}], [1292.0, 1135.0, 1381.0, 1157.0, {"arrow": "last", "fill": "green", "tags": "edge_295 node_163 node_158"}], [1292.0, 1135.0, 1466.0, 997.0, {"arrow": "last", "fill": "green", "tags": "edge_296 node_163 node_160"}], [1292.0, 1135.0, 1700.0, 1087.0, {"arrow": "last", "fill": "green", "tags": "edge_297 node_163 node_162"}], [1466.0, 997.0, 1463.0, 867.0, {"arrow": "last", "fill": "green", "tags": "edge_298 node_160 node_165"}], [1358.0, 869.0, 1375.0, 999.0, {"arrow": "last", "fill": "green", "tags": "edge_299 node_166 node_159"}], [1466.0, 997.0, 1749.0, 895.0, {"arrow": "last", "fill": "green", "tags": "edge_300 node_160 node_168"}], [1358.0, 869.0, 1749.0, 895.0, {"arrow": "last", "fill": "green", "tags": "edge_301 node_166 node_168"}], [1749.0, 895.0, 1587.0, 907.0, {"arrow": "last", "fill": "green", "tags": "edge_302 node_168 node_167"}], [1587.0, 907.0, 1463.0, 867.0, {"arrow": "last", "fill": "green", "tags": "edge_303 node_167 node_165"}], [1587.0, 907.0, 1375.0, 999.0, {"arrow": "last", "fill": "green", "tags": "edge_304 node_167 node_159"}], [1463.0, 867.0, 1479.0, 677.0, {"arrow": "last", "fill": "green", "tags": "edge_305 node_165 node_170"}], [1412.0, 677.0, 1358.0, 869.0, {"arrow": "last", "fill": "green", "tags": "edge_306 node_169 node_166"}], [1479.0, 677.0, 1482.0, 527.0, {"arrow": "last", "fill": "green", "tags": "edge_307 node_170 node_171"}], [1405.0, 533.0, 1412.0, 677.0, {"arrow": "last", "fill": "green", "tags": "edge_308 node_172 node_169"}], [1479.0, 677.0, 1722.0, 586.0, {"arrow": "last", "fill": "green", "tags": "edge_309 node_170 node_174"}], [1479.0, 677.0, 1171.0, 635.0, {"arrow": "last", "fill": "green", "tags": "edge_310 node_170 node_176"}], [1171.0, 635.0, 1321.0, 641.0, {"arrow": "last", "fill": "green", "tags": "edge_311 node_176 node_175"}], [1405.0, 533.0, 1722.0, 586.0, {"arrow": "last", "fill": "green", "tags": "edge_312 node_172 node_174"}], [1722.0, 586.0, 1568.0, 583.0, {"arrow": "last", "fill": "green", "tags": "edge_313 node_174 node_173"}], [1568.0, 583.0, 1482.0, 527.0, {"arrow": "last", "fill": "green", "tags": "edge_314 node_173 node_171"}], [1568.0, 583.0, 1412.0, 677.0, {"arrow": "last", "fill": "green", "tags": "edge_315 node_173 node_169"}], [1568.0, 583.0, 1171.0, 635.0, {"arrow": "last", "fill": "green", "tags": "edge_316 node_173 node_176"}], [1405.0, 533.0, 1171.0, 635.0, {"arrow": "last", "fill": "green", "tags": "edge_317 node_172 node_176"}], [1321.0, 641.0, 1412.0, 677.0, {"arrow": "last", "fill": "green", "tags": "edge_318 node_175 node_169"}], [1321.0, 641.0, 1482.0, 527.0, {"arrow": "last", "fill": "green", "tags": "edge_319 node_175 node_171"}], [1321.0, 641.0, 1722.0, 586.0, {"arrow": "last", "fill": "green", "tags": "edge_320 node_175 node_174"}], [1482.0, 527.0, 1773.0, 400.0, {"arrow": "last", "fill": "green", "tags": "edge_321 node_171 node_182"}], [1403.0, 356.0, 1773.0, 400.0, {"arrow": "last", "fill": "green", "tags": "edge_322 node_178 node_182"}], [1482.0, 527.0, 1477.0, 356.0, {"arrow": "last", "fill": "green", "tags": "edge_323 node_171 node_177"}], [1477.0, 356.0, 1467.0, 202.0, {"arrow": "last", "fill": "green", "tags": "edge_324 node_177 node_179"}], [1394.0, 205.0, 1403.0, 356.0, {"arrow": "last", "fill": "green", "tags": "edge_325 node_180 node_178"}], [1403.0, 356.0, 1405.0, 533.0, {"arrow": "last", "fill": "green", "tags": "edge_326 node_178 node_172"}], [1773.0, 400.0, 1601.0, 402.0, {"arrow": "last", "fill": "green", "tags": "edge_327 node_182 node_181"}], [1601.0, 402.0, 1477.0, 356.0, {"arrow": "last", "fill": "green", "tags": "edge_328 node_181 node_177"}], [1601.0, 402.0, 1405.0, 533.0, {"arrow": "last", "fill": "green", "tags": "edge_329 node_181 node_172"}], [674.0, 348.0, 702.0, 205.0, {"arrow": "last", "fill": "green", "tags": "edge_330 node_3 node_184"}], [598.0, 209.0, 599.0, 346.0, {"arrow": "last", "fill": "green", "tags": "edge_331 node_183 node_2"}], [498.0, 301.0, 702.0, 205.0, {"arrow": "last", "fill": "green", "tags": "edge_332 node_0 node_184"}], [598.0, 209.0, 435.0, 301.0, {"arrow": "last", "fill": "green", "tags": "edge_333 node_183 node_1"}]]}