{"line": [[570.0, 2962.0, 562.0, 2787.0, {"arrow": "last", "fill": "green", "tags": "edge_0 node_7 node_5"}], [570.0, 2962.0, 650.0, 2914.0, {"arrow": "last", "fill": "green", "tags": "edge_1 node_7 node_2"}], [570.0, 2962.0, 186.0, 2915.0, {"arrow": "last", "fill": "green", "tags": "edge_2 node_7 node_1"}], [482.0, 2784.0, 482.0, 2960.0, {"arrow": "last", "fill": "green", "tags": "edge_3 node_4 node_6"}], [482.0, 2784.0, 650.0, 2914.0, {"arrow": "last", "fill": "green", "tags": "edge_4 node_4 node_2"}], [482.0, 2784.0, 186.0, 2915.0, {"arrow": "last", "fill": "green", "tags": "edge_5 node_4 node_1"}], [186.0, 2915.0, 404.0, 2922.0, {"arrow": "last", "fill": "green", "tags": "edge_6 node_1 node_0"}], [404.0, 2922.0, 562.0, 2787.0, {"arrow": "last", "fill": "green", "tags": "edge_7 node_0 node_5"}], [404.0, 2922.0, 482.0, 2960.0, {"arrow": "last", "fill": "green", "tags": "edge_8 node_0 node_6"}], [404.0, 2922.0, 650.0, 2914.0, {"arrow": "last", "fill": "green", "tags": "edge_9 node_0 node_2"}], [656.0, 2828.0, 562.0, 2787.0, {"arrow": "last", "fill": "green", "tags": "edge_10 node_3 node_5"}], [656.0, 2828.0, 482.0, 2960.0, {"arrow": "last", "fill": "green", "tags": "edge_11 node_3 node_6"}], [656.0, 2828.0, 186.0, 2915.0, {"arrow": "last", "fill": "green", "tags": "edge_12 node_3 node_1"}], [574.0, 3031.0, 570.0, 2962.0, {"arrow": "last", "fill": "green", "tags": "edge_13 node_9 node_7"}], [482.0, 2960.0, 480.0, 3028.0, {"arrow": "last", "fill": "green", "tags": "edge_14 node_6 node_8"}], [571.0, 3133.0, 574.0, 3031.0, {"arrow": "last", "fill": "green", "tags": "edge_15 node_11 node_9"}], [480.0, 3028.0, 479.0, 3125.0, {"arrow": "last", "fill": "green", "tags": "edge_16 node_8 node_10"}], [571.0, 3133.0, 770.0, 3101.0, {"arrow": "last", "fill": "green", "tags": "edge_17 node_11 node_13"}], [480.0, 3028.0, 770.0, 3101.0, {"arrow": "last", "fill": "green", "tags": "edge_18 node_8 node_13"}], [770.0, 3101.0, 650.0, 3081.0, {"arrow": "last", "fill": "green", "tags": "edge_19 node_13 node_12"}], [650.0, 3081.0, 574.0, 3031.0, {"arrow": "last", "fill": "green", "tags": "edge_20 node_12 node_9"}], [650.0, 3081.0, 479.0, 3125.0, {"arrow": "last", "fill": "green", "tags": "edge_21 node_12 node_10"}], [479.0, 3125.0, 478.0, 3255.0, {"arrow": "last", "fill": "green", "tags": "edge_22 node_10 node_14"}], [567.0, 3255.0, 571.0, 3133.0, {"arrow": "last", "fill": "green", "tags": "edge_23 node_15 node_11"}], [479.0, 3125.0, 164.0, 3162.0, {"arrow": "last", "fill": "green", "tags": "edge_24 node_10 node_17"}], [567.0, 3255.0, 164.0, 3162.0, {"arrow": "last", "fill": "green", "tags": "edge_25 node_15 node_17"}], [164.0, 3162.0, 404.0, 3177.0, {"arrow": "last", "fill": "green", "tags": "edge_26 node_17 node_16"}], [404.0, 3177.0, 571.0, 3133.0, {"arrow": "last", "fill": "green", "tags": "edge_27 node_16 node_11"}], [404.0, 3177.0, 478.0, 3255.0, {"arrow": "last", "fill": "green", "tags": "edge_28 node_16 node_14"}], [574.0, 3391.0, 567.0, 3255.0, {"arrow": "last", "fill": "green", "tags": "edge_29 node_19 node_15"}], [478.0, 3255.0, 479.0, 3389.0, {"arrow": "last", "fill": "green", "tags": "edge_30 node_14 node_18"}], [478.0, 3255.0, 173.0, 3334.0, {"arrow": "last", "fill": "green", "tags": "edge_31 node_14 node_21"}], [574.0, 3391.0, 173.0, 3334.0, {"arrow": "last", "fill": "green", "tags": "edge_32 node_19 node_21"}], [173.0, 3334.0, 373.0, 3334.0, {"arrow": "last", "fill": "green", "tags": "edge_33 node_21 node_20"}], [373.0, 3334.0, 567.0, 3255.0, {"arrow": "last", "fill": "green", "tags": "edge_34 node_20 node_15"}], [373.0, 3334.0, 479.0, 3389.0, {"arrow": "last", "fill": "green", "tags": "edge_35 node_20 node_18"}], [479.0, 3389.0, 486.0, 3648.0, {"arrow": "last", "fill": "green", "tags": "edge_36 node_18 node_22"}], [486.0, 3648.0, 489.0, 3775.0, {"arrow": "last", "fill": "green", "tags": "edge_37 node_22 node_24"}], [572.0, 3781.0, 566.0, 3647.0, {"arrow": "last", "fill": "green", "tags": "edge_38 node_25 node_23"}], [566.0, 3647.0, 574.0, 3391.0, {"arrow": "last", "fill": "green", "tags": "edge_39 node_23 node_19"}], [486.0, 3648.0, 195.0, 3682.0, {"arrow": "last", "fill": "green", "tags": "edge_40 node_22 node_27"}], [572.0, 3781.0, 195.0, 3682.0, {"arrow": "last", "fill": "green", "tags": "edge_41 node_25 node_27"}], [195.0, 3682.0, 394.0, 3688.0, {"arrow": "last", "fill": "green", "tags": "edge_42 node_27 node_26"}], [394.0, 3688.0, 566.0, 3647.0, {"arrow": "last", "fill": "green", "tags": "edge_43 node_26 node_23"}], [394.0, 3688.0, 489.0, 3775.0, {"arrow": "last", "fill": "green", "tags": "edge_44 node_26 node_24"}], [489.0, 3775.0, 195.0, 3848.0, {"arrow": "last", "fill": "green", "tags": "edge_45 node_24 node_33"}], [195.0, 3848.0, 395.0, 3847.0, {"arrow": "last", "fill": "green", "tags": "edge_46 node_33 node_32"}], [648.0, 3874.0, 195.0, 3848.0, {"arrow": "last", "fill": "green", "tags": "edge_47 node_29 node_33"}], [395.0, 3847.0, 572.0, 3781.0, {"arrow": "last", "fill": "green", "tags": "edge_48 node_32 node_25"}], [395.0, 3847.0, 647.0, 3974.0, {"arrow": "last", "fill": "green", "tags": "edge_49 node_32 node_28"}], [648.0, 3874.0, 572.0, 3781.0, {"arrow": "last", "fill": "green", "tags": "edge_50 node_29 node_25"}], [489.0, 3775.0, 647.0, 3974.0, {"arrow": "last", "fill": "green", "tags": "edge_51 node_24 node_28"}], [647.0, 3974.0, 1244.0, 3969.0, {"arrow": "last", "fill": "green", "tags": "edge_52 node_28 node_34"}], [1248.0, 3890.0, 648.0, 3874.0, {"arrow": "last", "fill": "green", "tags": "edge_53 node_35 node_29"}], [1368.0, 3896.0, 1248.0, 3890.0, {"arrow": "last", "fill": "green", "tags": "edge_54 node_37 node_35"}], [1590.0, 3903.0, 1368.0, 3896.0, {"arrow": "last", "fill": "green", "tags": "edge_55 node_39 node_37"}], [1244.0, 3969.0, 1373.0, 3970.0, {"arrow": "last", "fill": "green", "tags": "edge_56 node_34 node_36"}], [1373.0, 3970.0, 1592.0, 3978.0, {"arrow": "last", "fill": "green", "tags": "edge_57 node_36 node_38"}], [1244.0, 3969.0, 1328.0, 4162.0, {"arrow": "last", "fill": "green", "tags": "edge_58 node_34 node_47"}], [1368.0, 3896.0, 1328.0, 4162.0, {"arrow": "last", "fill": "green", "tags": "edge_59 node_37 node_47"}], [1328.0, 4162.0, 1324.0, 4058.0, {"arrow": "last", "fill": "green", "tags": "edge_60 node_47 node_46"}], [1324.0, 4058.0, 1248.0, 3890.0, {"arrow": "last", "fill": "green", "tags": "edge_61 node_46 node_35"}], [1324.0, 4058.0, 1373.0, 3970.0, {"arrow": "last", "fill": "green", "tags": "edge_62 node_46 node_36"}], [1743.0, 3840.0, 1357.0, 3764.0, {"arrow": "last", "fill": "green", "tags": "edge_64 node_41 node_51"}], [1592.0, 3978.0, 1657.0, 4016.0, {"arrow": "last", "fill": "green", "tags": "edge_68 node_38 node_42"}], [1592.0, 3978.0, 1964.0, 3935.0, {"arrow": "last", "fill": "green", "tags": "edge_69 node_38 node_45"}], [1592.0, 3978.0, 1743.0, 3840.0, {"arrow": "last", "fill": "green", "tags": "edge_70 node_38 node_41"}], [1741.0, 4021.0, 1590.0, 3903.0, {"arrow": "last", "fill": "green", "tags": "edge_71 node_43 node_39"}], [1741.0, 4021.0, 1964.0, 3935.0, {"arrow": "last", "fill": "green", "tags": "edge_72 node_43 node_45"}], [1741.0, 4021.0, 1743.0, 3840.0, {"arrow": "last", "fill": "green", "tags": "edge_73 node_43 node_41"}], [1964.0, 3935.0, 1825.0, 3935.0, {"arrow": "last", "fill": "green", "tags": "edge_74 node_45 node_44"}], [1650.0, 3724.0, 1653.0, 3824.0, {"arrow": "last", "fill": "green", "tags": "edge_75 node_48 node_40"}], [1743.0, 3840.0, 1741.0, 3723.0, {"arrow": "last", "fill": "green", "tags": "edge_76 node_41 node_49"}], [1650.0, 3724.0, 1357.0, 3764.0, {"arrow": "last", "fill": "green", "tags": "edge_77 node_48 node_51"}], [1357.0, 3764.0, 1576.0, 3773.0, {"arrow": "last", "fill": "green", "tags": "edge_78 node_51 node_50"}], [1576.0, 3773.0, 1653.0, 3824.0, {"arrow": "last", "fill": "green", "tags": "edge_79 node_50 node_40"}], [1576.0, 3773.0, 1741.0, 3723.0, {"arrow": "last", "fill": "green", "tags": "edge_80 node_50 node_49"}], [1653.0, 3824.0, 1590.0, 3903.0, {"arrow": "last", "fill": "green", "tags": "edge_81 node_40 node_39"}], [1653.0, 3824.0, 1657.0, 4016.0, {"arrow": "last", "fill": "green", "tags": "edge_82 node_40 node_42"}], [1653.0, 3824.0, 1964.0, 3935.0, {"arrow": "last", "fill": "green", "tags": "edge_83 node_40 node_45"}], [1825.0, 3935.0, 1743.0, 3840.0, {"arrow": "last", "fill": "green", "tags": "edge_84 node_44 node_41"}], [1825.0, 3935.0, 1590.0, 3903.0, {"arrow": "last", "fill": "green", "tags": "edge_85 node_44 node_39"}], [1825.0, 3935.0, 1657.0, 4016.0, {"arrow": "last", "fill": "green", "tags": "edge_86 node_44 node_42"}], [1740.0, 4474.0, 1746.0, 4352.0, {"arrow": "last", "fill": "green", "tags": "edge_87 node_55 node_53"}], [1746.0, 4352.0, 1741.0, 4021.0, {"arrow": "last", "fill": "green", "tags": "edge_88 node_53 node_43"}], [1657.0, 4016.0, 1651.0, 4354.0, {"arrow": "last", "fill": "green", "tags": "edge_89 node_42 node_52"}], [1651.0, 4354.0, 1652.0, 4471.0, {"arrow": "last", "fill": "green", "tags": "edge_90 node_52 node_54"}], [1651.0, 4354.0, 1401.0, 4412.0, {"arrow": "last", "fill": "green", "tags": "edge_91 node_52 node_57"}], [1740.0, 4474.0, 1401.0, 4412.0, {"arrow": "last", "fill": "green", "tags": "edge_92 node_55 node_57"}], [1401.0, 4412.0, 1540.0, 4422.0, {"arrow": "last", "fill": "green", "tags": "edge_93 node_57 node_56"}], [1540.0, 4422.0, 1746.0, 4352.0, {"arrow": "last", "fill": "green", "tags": "edge_94 node_56 node_53"}], [1540.0, 4422.0, 1652.0, 4471.0, {"arrow": "last", "fill": "green", "tags": "edge_95 node_56 node_54"}], [1749.0, 4692.0, 1740.0, 4474.0, {"arrow": "last", "fill": "green", "tags": "edge_96 node_59 node_55"}], [1652.0, 4471.0, 1647.0, 4691.0, {"arrow": "last", "fill": "green", "tags": "edge_97 node_54 node_58"}], [1647.0, 4691.0, 1827.0, 4826.0, {"arrow": "last", "fill": "green", "tags": "edge_98 node_58 node_60"}], [1825.0, 4739.0, 1749.0, 4692.0, {"arrow": "last", "fill": "green", "tags": "edge_99 node_61 node_59"}], [1647.0, 4691.0, 1751.0, 5066.0, {"arrow": "last", "fill": "green", "tags": "edge_101 node_58 node_63"}], [1751.0, 5066.0, 1757.0, 4902.0, {"arrow": "last", "fill": "green", "tags": "edge_102 node_63 node_62"}], [1825.0, 4739.0, 1751.0, 5066.0, {"arrow": "last", "fill": "green", "tags": "edge_103 node_61 node_63"}], [1757.0, 4902.0, 1827.0, 4826.0, {"arrow": "last", "fill": "green", "tags": "edge_104 node_62 node_60"}], [1757.0, 4902.0, 1749.0, 4692.0, {"arrow": "last", "fill": "green", "tags": "edge_105 node_62 node_59"}], [1827.0, 4826.0, 1912.0, 5013.0, {"arrow": "last", "fill": "green", "tags": "edge_106 node_60 node_69"}], [1827.0, 4826.0, 1970.0, 4829.0, {"arrow": "last", "fill": "green", "tags": "edge_107 node_60 node_64"}], [1970.0, 4829.0, 2201.0, 4826.0, {"arrow": "last", "fill": "green", "tags": "edge_108 node_64 node_66"}], [2202.0, 4750.0, 1963.0, 4740.0, {"arrow": "last", "fill": "green", "tags": "edge_109 node_67 node_65"}], [1963.0, 4740.0, 1825.0, 4739.0, {"arrow": "last", "fill": "green", "tags": "edge_110 node_65 node_61"}], [1963.0, 4740.0, 1912.0, 5013.0, {"arrow": "last", "fill": "green", "tags": "edge_111 node_65 node_69"}], [1912.0, 5013.0, 1908.0, 4910.0, {"arrow": "last", "fill": "green", "tags": "edge_112 node_69 node_68"}], [1908.0, 4910.0, 1970.0, 4829.0, {"arrow": "last", "fill": "green", "tags": "edge_113 node_68 node_64"}], [1908.0, 4910.0, 1825.0, 4739.0, {"arrow": "last", "fill": "green", "tags": "edge_114 node_68 node_61"}], [2201.0, 4826.0, 2349.0, 4824.0, {"arrow": "last", "fill": "green", "tags": "edge_115 node_66 node_72"}], [2353.0, 4751.0, 2202.0, 4750.0, {"arrow": "last", "fill": "green", "tags": "edge_116 node_73 node_67"}], [2201.0, 4826.0, 2270.0, 4982.0, {"arrow": "last", "fill": "green", "tags": "edge_117 node_66 node_71"}], [2349.0, 4824.0, 2427.0, 5000.0, {"arrow": "last", "fill": "green", "tags": "edge_118 node_72 node_77"}], [2349.0, 4824.0, 2487.0, 4693.0, {"arrow": "last", "fill": "green", "tags": "edge_119 node_72 node_75"}], [2408.0, 4693.0, 2353.0, 4751.0, {"arrow": "last", "fill": "green", "tags": "edge_120 node_74 node_73"}], [2408.0, 4693.0, 2427.0, 5000.0, {"arrow": "last", "fill": "green", "tags": "edge_121 node_74 node_77"}], [2353.0, 4751.0, 2270.0, 4982.0, {"arrow": "last", "fill": "green", "tags": "edge_122 node_73 node_71"}], [2270.0, 4982.0, 2268.0, 4890.0, {"arrow": "last", "fill": "green", "tags": "edge_123 node_71 node_70"}], [2268.0, 4890.0, 2349.0, 4824.0, {"arrow": "last", "fill": "green", "tags": "edge_124 node_70 node_72"}], [2268.0, 4890.0, 2202.0, 4750.0, {"arrow": "last", "fill": "green", "tags": "edge_125 node_70 node_67"}], [2427.0, 5000.0, 2433.0, 4894.0, {"arrow": "last", "fill": "green", "tags": "edge_126 node_77 node_76"}], [2433.0, 4894.0, 2487.0, 4693.0, {"arrow": "last", "fill": "green", "tags": "edge_127 node_76 node_75"}], [2433.0, 4894.0, 2353.0, 4751.0, {"arrow": "last", "fill": "green", "tags": "edge_128 node_76 node_73"}], [2487.0, 4693.0, 2502.0, 4486.0, {"arrow": "last", "fill": "green", "tags": "edge_129 node_75 node_81"}], [2502.0, 4486.0, 2494.0, 4341.0, {"arrow": "last", "fill": "green", "tags": "edge_130 node_81 node_83"}], [2502.0, 4486.0, 2570.0, 4482.0, {"arrow": "last", "fill": "green", "tags": "edge_131 node_81 node_79"}], [2570.0, 4482.0, 2546.0, 4412.0, {"arrow": "last", "fill": "green", "tags": "edge_132 node_79 node_78"}], [2402.0, 4339.0, 2403.0, 4480.0, {"arrow": "last", "fill": "green", "tags": "edge_133 node_82 node_80"}], [2402.0, 4339.0, 2570.0, 4482.0, {"arrow": "last", "fill": "green", "tags": "edge_134 node_82 node_79"}], [2403.0, 4480.0, 2408.0, 4693.0, {"arrow": "last", "fill": "green", "tags": "edge_136 node_80 node_74"}], [2546.0, 4412.0, 2494.0, 4341.0, {"arrow": "last", "fill": "green", "tags": "edge_137 node_78 node_83"}], [2546.0, 4412.0, 2403.0, 4480.0, {"arrow": "last", "fill": "green", "tags": "edge_138 node_78 node_80"}], [2494.0, 4341.0, 2505.0, 4018.0, {"arrow": "last", "fill": "green", "tags": "edge_139 node_83 node_85"}], [2407.0, 4015.0, 2402.0, 4339.0, {"arrow": "last", "fill": "green", "tags": "edge_140 node_84 node_82"}], [2505.0, 4018.0, 2548.0, 3966.0, {"arrow": "last", "fill": "green", "tags": "edge_141 node_85 node_86"}], [2548.0, 3966.0, 2727.0, 3973.0, {"arrow": "last", "fill": "green", "tags": "edge_142 node_86 node_88"}], [2548.0, 3966.0, 2633.0, 4172.0, {"arrow": "last", "fill": "green", "tags": "edge_143 node_86 node_91"}], [2720.0, 3887.0, 2633.0, 4172.0, {"arrow": "last", "fill": "green", "tags": "edge_144 node_89 node_91"}], [2720.0, 3887.0, 2550.0, 3882.0, {"arrow": "last", "fill": "green", "tags": "edge_145 node_89 node_87"}], [2550.0, 3882.0, 2407.0, 4015.0, {"arrow": "last", "fill": "green", "tags": "edge_146 node_87 node_84"}], [2633.0, 4172.0, 2654.0, 4052.0, {"arrow": "last", "fill": "green", "tags": "edge_147 node_91 node_90"}], [2654.0, 4052.0, 2550.0, 3882.0, {"arrow": "last", "fill": "green", "tags": "edge_148 node_90 node_87"}], [2654.0, 4052.0, 2727.0, 3973.0, {"arrow": "last", "fill": "green", "tags": "edge_149 node_90 node_88"}], [2727.0, 3973.0, 2919.0, 3974.0, {"arrow": "last", "fill": "green", "tags": "edge_150 node_88 node_92"}], [2918.0, 3910.0, 2720.0, 3887.0, {"arrow": "last", "fill": "green", "tags": "edge_151 node_93 node_89"}], [2919.0, 3974.0, 3279.0, 3929.0, {"arrow": "last", "fill": "green", "tags": "edge_152 node_92 node_97"}], [2919.0, 3974.0, 3050.0, 3852.0, {"arrow": "last", "fill": "green", "tags": "edge_153 node_92 node_95"}], [2971.0, 3852.0, 3279.0, 3929.0, {"arrow": "last", "fill": "green", "tags": "edge_154 node_94 node_97"}], [2971.0, 3852.0, 2918.0, 3910.0, {"arrow": "last", "fill": "green", "tags": "edge_155 node_94 node_93"}], [3279.0, 3929.0, 3121.0, 3931.0, {"arrow": "last", "fill": "green", "tags": "edge_156 node_97 node_96"}], [3121.0, 3931.0, 3050.0, 3852.0, {"arrow": "last", "fill": "green", "tags": "edge_157 node_96 node_95"}], [3121.0, 3931.0, 2918.0, 3910.0, {"arrow": "last", "fill": "green", "tags": "edge_158 node_96 node_93"}], [3050.0, 3852.0, 3052.0, 3677.0, {"arrow": "last", "fill": "green", "tags": "edge_159 node_95 node_101"}], [3050.0, 3852.0, 2805.0, 3769.0, {"arrow": "last", "fill": "green", "tags": "edge_160 node_95 node_99"}], [2974.0, 3675.0, 2971.0, 3852.0, {"arrow": "last", "fill": "green", "tags": "edge_161 node_100 node_94"}], [2974.0, 3675.0, 2805.0, 3769.0, {"arrow": "last", "fill": "green", "tags": "edge_162 node_100 node_99"}], [2805.0, 3769.0, 2903.0, 3770.0, {"arrow": "last", "fill": "green", "tags": "edge_163 node_99 node_98"}], [2903.0, 3770.0, 3052.0, 3677.0, {"arrow": "last", "fill": "green", "tags": "edge_164 node_98 node_101"}], [2903.0, 3770.0, 2971.0, 3852.0, {"arrow": "last", "fill": "green", "tags": "edge_165 node_98 node_94"}], [3052.0, 3677.0, 3055.0, 3545.0, {"arrow": "last", "fill": "green", "tags": "edge_166 node_101 node_102"}], [2967.0, 3544.0, 2974.0, 3675.0, {"arrow": "last", "fill": "green", "tags": "edge_167 node_103 node_100"}], [3055.0, 3545.0, 3085.0, 3369.0, {"arrow": "last", "fill": "green", "tags": "edge_168 node_102 node_107"}], [3085.0, 3369.0, 3363.0, 3332.0, {"arrow": "last", "fill": "green", "tags": "edge_169 node_107 node_112"}], [3085.0, 3369.0, 3090.0, 3256.0, {"arrow": "last", "fill": "green", "tags": "edge_170 node_107 node_104"}], [3090.0, 3256.0, 3318.0, 3185.0, {"arrow": "last", "fill": "green", "tags": "edge_171 node_104 node_113"}], [3090.0, 3256.0, 3092.0, 3118.0, {"arrow": "last", "fill": "green", "tags": "edge_172 node_104 node_109"}], [2973.0, 3115.0, 2976.0, 3258.0, {"arrow": "last", "fill": "green", "tags": "edge_173 node_108 node_105"}], [2973.0, 3115.0, 3318.0, 3185.0, {"arrow": "last", "fill": "green", "tags": "edge_174 node_108 node_113"}], [2976.0, 3258.0, 2977.0, 3367.0, {"arrow": "last", "fill": "green", "tags": "edge_175 node_105 node_106"}], [2976.0, 3258.0, 3363.0, 3332.0, {"arrow": "last", "fill": "green", "tags": "edge_176 node_105 node_112"}], [2977.0, 3367.0, 2967.0, 3544.0, {"arrow": "last", "fill": "green", "tags": "edge_177 node_106 node_103"}], [3363.0, 3332.0, 3186.0, 3311.0, {"arrow": "last", "fill": "green", "tags": "edge_178 node_112 node_111"}], [3186.0, 3311.0, 3090.0, 3256.0, {"arrow": "last", "fill": "green", "tags": "edge_179 node_111 node_104"}], [3186.0, 3311.0, 2977.0, 3367.0, {"arrow": "last", "fill": "green", "tags": "edge_180 node_111 node_106"}], [3318.0, 3185.0, 3183.0, 3198.0, {"arrow": "last", "fill": "green", "tags": "edge_181 node_113 node_110"}], [3183.0, 3198.0, 3092.0, 3118.0, {"arrow": "last", "fill": "green", "tags": "edge_182 node_110 node_109"}], [3183.0, 3198.0, 2976.0, 3258.0, {"arrow": "last", "fill": "green", "tags": "edge_183 node_110 node_105"}], [1061.0, 2843.0, 929.0, 2847.0, {"arrow": "last", "fill": "green", "tags": "edge_184 node_125 node_120"}], [929.0, 2847.0, 656.0, 2828.0, {"arrow": "last", "fill": "green", "tags": "edge_185 node_120 node_3"}], [650.0, 2914.0, 931.0, 2925.0, {"arrow": "last", "fill": "green", "tags": "edge_186 node_2 node_121"}], [931.0, 2925.0, 1060.0, 2922.0, {"arrow": "last", "fill": "green", "tags": "edge_187 node_121 node_124"}], [1061.0, 2843.0, 967.0, 2649.0, {"arrow": "last", "fill": "green", "tags": "edge_189 node_125 node_123"}], [931.0, 2925.0, 967.0, 2649.0, {"arrow": "last", "fill": "green", "tags": "edge_190 node_121 node_123"}], [967.0, 2649.0, 974.0, 2756.0, {"arrow": "last", "fill": "green", "tags": "edge_191 node_123 node_122"}], [974.0, 2756.0, 1060.0, 2922.0, {"arrow": "last", "fill": "green", "tags": "edge_192 node_122 node_124"}], [974.0, 2756.0, 929.0, 2847.0, {"arrow": "last", "fill": "green", "tags": "edge_193 node_122 node_120"}], [1060.0, 2922.0, 1621.0, 2922.0, {"arrow": "last", "fill": "green", "tags": "edge_196 node_124 node_130"}], [1627.0, 2818.0, 1061.0, 2843.0, {"arrow": "last", "fill": "green", "tags": "edge_197 node_131 node_125"}], [1741.0, 3723.0, 1744.0, 3453.0, {"arrow": "last", "fill": "green", "tags": "edge_199 node_49 node_139"}], [1744.0, 3453.0, 2011.0, 3385.0, {"arrow": "last", "fill": "green", "tags": "edge_200 node_139 node_143"}], [1744.0, 3453.0, 1751.0, 3338.0, {"arrow": "last", "fill": "green", "tags": "edge_201 node_139 node_141"}], [1643.0, 3337.0, 1643.0, 3448.0, {"arrow": "last", "fill": "green", "tags": "edge_202 node_140 node_138"}], [1643.0, 3448.0, 1650.0, 3724.0, {"arrow": "last", "fill": "green", "tags": "edge_203 node_138 node_48"}], [1643.0, 3337.0, 2011.0, 3385.0, {"arrow": "last", "fill": "green", "tags": "edge_204 node_140 node_143"}], [2011.0, 3385.0, 1877.0, 3391.0, {"arrow": "last", "fill": "green", "tags": "edge_205 node_143 node_142"}], [1877.0, 3391.0, 1751.0, 3338.0, {"arrow": "last", "fill": "green", "tags": "edge_206 node_142 node_141"}], [1877.0, 3391.0, 1643.0, 3448.0, {"arrow": "last", "fill": "green", "tags": "edge_207 node_142 node_138"}], [1751.0, 3338.0, 1752.0, 3002.0, {"arrow": "last", "fill": "green", "tags": "edge_208 node_141 node_145"}], [1659.0, 2995.0, 1643.0, 3337.0, {"arrow": "last", "fill": "green", "tags": "edge_209 node_144 node_140"}], [1752.0, 3002.0, 1834.0, 2929.0, {"arrow": "last", "fill": "green", "tags": "edge_210 node_145 node_132"}], [1752.0, 3002.0, 1795.0, 2755.0, {"arrow": "last", "fill": "green", "tags": "edge_211 node_145 node_135"}], [1834.0, 2822.0, 1795.0, 2755.0, {"arrow": "last", "fill": "green", "tags": "edge_213 node_133 node_135"}], [1834.0, 2822.0, 1627.0, 2818.0, {"arrow": "last", "fill": "green", "tags": "edge_214 node_133 node_131"}], [1834.0, 2822.0, 1659.0, 2995.0, {"arrow": "last", "fill": "green", "tags": "edge_215 node_133 node_144"}], [1654.0, 2751.0, 1627.0, 2818.0, {"arrow": "last", "fill": "green", "tags": "edge_216 node_134 node_131"}], [1654.0, 2751.0, 1659.0, 2995.0, {"arrow": "last", "fill": "green", "tags": "edge_217 node_134 node_144"}], [1654.0, 2751.0, 1834.0, 2929.0, {"arrow": "last", "fill": "green", "tags": "edge_218 node_134 node_132"}], [1752.0, 3002.0, 1627.0, 2818.0, {"arrow": "last", "fill": "green", "tags": "edge_219 node_145 node_131"}], [1621.0, 2922.0, 1659.0, 2995.0, {"arrow": "last", "fill": "green", "tags": "edge_220 node_130 node_144"}], [1621.0, 2922.0, 1834.0, 2929.0, {"arrow": "last", "fill": "green", "tags": "edge_221 node_130 node_132"}], [1621.0, 2922.0, 1795.0, 2755.0, {"arrow": "last", "fill": "green", "tags": "edge_222 node_130 node_135"}], [1795.0, 2755.0, 1800.0, 2367.0, {"arrow": "last", "fill": "green", "tags": "edge_223 node_135 node_137"}], [1670.0, 2366.0, 1654.0, 2751.0, {"arrow": "last", "fill": "green", "tags": "edge_225 node_136 node_134"}], [2466.0, 2839.0, 1834.0, 2822.0, {"arrow": "last", "fill": "green", "tags": "edge_229 node_147 node_133"}], [1834.0, 2929.0, 2470.0, 2923.0, {"arrow": "last", "fill": "green", "tags": "edge_230 node_132 node_146"}], [2470.0, 2923.0, 2567.0, 2924.0, {"arrow": "last", "fill": "green", "tags": "edge_231 node_146 node_148"}], [2470.0, 2923.0, 2447.0, 2632.0, {"arrow": "last", "fill": "green", "tags": "edge_233 node_146 node_153"}], [2567.0, 2924.0, 2703.0, 2924.0, {"arrow": "last", "fill": "green", "tags": "edge_234 node_148 node_150"}], [2703.0, 2924.0, 2909.0, 2915.0, {"arrow": "last", "fill": "green", "tags": "edge_235 node_150 node_116"}], [2703.0, 2924.0, 2773.0, 2671.0, {"arrow": "last", "fill": "green", "tags": "edge_236 node_150 node_155"}], [2907.0, 2837.0, 2701.0, 2846.0, {"arrow": "last", "fill": "green", "tags": "edge_237 node_117 node_151"}], [2907.0, 2837.0, 2773.0, 2671.0, {"arrow": "last", "fill": "green", "tags": "edge_238 node_117 node_155"}], [2701.0, 2846.0, 2567.0, 2844.0, {"arrow": "last", "fill": "green", "tags": "edge_239 node_151 node_149"}], [2567.0, 2844.0, 2466.0, 2839.0, {"arrow": "last", "fill": "green", "tags": "edge_240 node_149 node_147"}], [2567.0, 2844.0, 2447.0, 2632.0, {"arrow": "last", "fill": "green", "tags": "edge_241 node_149 node_153"}], [2447.0, 2632.0, 2492.0, 2752.0, {"arrow": "last", "fill": "green", "tags": "edge_242 node_153 node_152"}], [2492.0, 2752.0, 2466.0, 2839.0, {"arrow": "last", "fill": "green", "tags": "edge_243 node_152 node_147"}], [2492.0, 2752.0, 2567.0, 2924.0, {"arrow": "last", "fill": "green", "tags": "edge_244 node_152 node_148"}], [2773.0, 2671.0, 2774.0, 2766.0, {"arrow": "last", "fill": "green", "tags": "edge_245 node_155 node_154"}], [2774.0, 2766.0, 2701.0, 2846.0, {"arrow": "last", "fill": "green", "tags": "edge_246 node_154 node_151"}], [2774.0, 2766.0, 2909.0, 2915.0, {"arrow": "last", "fill": "green", "tags": "edge_247 node_154 node_116"}], [3092.0, 3118.0, 3067.0, 2974.0, {"arrow": "last", "fill": "green", "tags": "edge_248 node_109 node_114"}], [2970.0, 2979.0, 2973.0, 3115.0, {"arrow": "last", "fill": "green", "tags": "edge_249 node_115 node_108"}], [3067.0, 2974.0, 3046.0, 2779.0, {"arrow": "last", "fill": "green", "tags": "edge_250 node_114 node_119"}], [3067.0, 2974.0, 3344.0, 2882.0, {"arrow": "last", "fill": "green", "tags": "edge_251 node_114 node_157"}], [3067.0, 2974.0, 2907.0, 2837.0, {"arrow": "last", "fill": "green", "tags": "edge_252 node_114 node_117"}], [2969.0, 2772.0, 2907.0, 2837.0, {"arrow": "last", "fill": "green", "tags": "edge_253 node_118 node_117"}], [2969.0, 2772.0, 2970.0, 2979.0, {"arrow": "last", "fill": "green", "tags": "edge_254 node_118 node_115"}], [2969.0, 2772.0, 3344.0, 2882.0, {"arrow": "last", "fill": "green", "tags": "edge_255 node_118 node_157"}], [2909.0, 2915.0, 2970.0, 2979.0, {"arrow": "last", "fill": "green", "tags": "edge_256 node_116 node_115"}], [2909.0, 2915.0, 3344.0, 2882.0, {"arrow": "last", "fill": "green", "tags": "edge_257 node_116 node_157"}], [2909.0, 2915.0, 3046.0, 2779.0, {"arrow": "last", "fill": "green", "tags": "edge_258 node_116 node_119"}], [3344.0, 2882.0, 3137.0, 2879.0, {"arrow": "last", "fill": "green", "tags": "edge_259 node_157 node_156"}], [3137.0, 2879.0, 3046.0, 2779.0, {"arrow": "last", "fill": "green", "tags": "edge_260 node_156 node_119"}], [3137.0, 2879.0, 2907.0, 2837.0, {"arrow": "last", "fill": "green", "tags": "edge_261 node_156 node_117"}], [3137.0, 2879.0, 2970.0, 2979.0, {"arrow": "last", "fill": "green", "tags": "edge_262 node_156 node_115"}], [3046.0, 2779.0, 3054.0, 2637.0, {"arrow": "last", "fill": "green", "tags": "edge_263 node_119 node_158"}], [3054.0, 2637.0, 3056.0, 2523.0, {"arrow": "last", "fill": "green", "tags": "edge_264 node_158 node_160"}], [2966.0, 2523.0, 2969.0, 2642.0, {"arrow": "last", "fill": "green", "tags": "edge_265 node_161 node_159"}], [2969.0, 2642.0, 2969.0, 2772.0, {"arrow": "last", "fill": "green", "tags": "edge_266 node_159 node_118"}], [3056.0, 2523.0, 3060.0, 2363.0, {"arrow": "last", "fill": "green", "tags": "edge_267 node_160 node_162"}], [3060.0, 2363.0, 3337.0, 2288.0, {"arrow": "last", "fill": "green", "tags": "edge_268 node_162 node_169"}], [3060.0, 2363.0, 3053.0, 2268.0, {"arrow": "last", "fill": "green", "tags": "edge_269 node_162 node_165"}], [3053.0, 2268.0, 2738.0, 2226.0, {"arrow": "last", "fill": "green", "tags": "edge_270 node_165 node_171"}], [3053.0, 2268.0, 3060.0, 2170.0, {"arrow": "last", "fill": "green", "tags": "edge_271 node_165 node_167"}], [2963.0, 2170.0, 2738.0, 2226.0, {"arrow": "last", "fill": "green", "tags": "edge_272 node_166 node_171"}], [2963.0, 2170.0, 2961.0, 2276.0, {"arrow": "last", "fill": "green", "tags": "edge_273 node_166 node_164"}], [2961.0, 2276.0, 3337.0, 2288.0, {"arrow": "last", "fill": "green", "tags": "edge_274 node_164 node_169"}], [2961.0, 2276.0, 2979.0, 2367.0, {"arrow": "last", "fill": "green", "tags": "edge_275 node_164 node_163"}], [2979.0, 2367.0, 2966.0, 2523.0, {"arrow": "last", "fill": "green", "tags": "edge_276 node_163 node_161"}], [3337.0, 2288.0, 3192.0, 2297.0, {"arrow": "last", "fill": "green", "tags": "edge_277 node_169 node_168"}], [3192.0, 2297.0, 3053.0, 2268.0, {"arrow": "last", "fill": "green", "tags": "edge_278 node_168 node_165"}], [3192.0, 2297.0, 2979.0, 2367.0, {"arrow": "last", "fill": "green", "tags": "edge_279 node_168 node_163"}], [2738.0, 2226.0, 2883.0, 2231.0, {"arrow": "last", "fill": "green", "tags": "edge_280 node_171 node_170"}], [2883.0, 2231.0, 3060.0, 2170.0, {"arrow": "last", "fill": "green", "tags": "edge_281 node_170 node_167"}], [2883.0, 2231.0, 2961.0, 2276.0, {"arrow": "last", "fill": "green", "tags": "edge_282 node_170 node_164"}], [3060.0, 2170.0, 3054.0, 2037.0, {"arrow": "last", "fill": "green", "tags": "edge_283 node_167 node_173"}], [3060.0, 2170.0, 2770.0, 2091.0, {"arrow": "last", "fill": "green", "tags": "edge_284 node_167 node_175"}], [2975.0, 2034.0, 2770.0, 2091.0, {"arrow": "last", "fill": "green", "tags": "edge_285 node_172 node_175"}], [2975.0, 2034.0, 2963.0, 2170.0, {"arrow": "last", "fill": "green", "tags": "edge_286 node_172 node_166"}], [2770.0, 2091.0, 2879.0, 2090.0, {"arrow": "last", "fill": "green", "tags": "edge_287 node_175 node_174"}], [2879.0, 2090.0, 3054.0, 2037.0, {"arrow": "last", "fill": "green", "tags": "edge_288 node_174 node_173"}], [2879.0, 2090.0, 2963.0, 2170.0, {"arrow": "last", "fill": "green", "tags": "edge_289 node_174 node_166"}], [3054.0, 2037.0, 3074.0, 1874.0, {"arrow": "last", "fill": "green", "tags": "edge_290 node_173 node_179"}], [3074.0, 1874.0, 3326.0, 1844.0, {"arrow": "last", "fill": "green", "tags": "edge_291 node_179 node_191"}], [3074.0, 1874.0, 3103.0, 1759.0, {"arrow": "last", "fill": "green", "tags": "edge_292 node_179 node_177"}], [3103.0, 1759.0, 3067.0, 1621.0, {"arrow": "last", "fill": "green", "tags": "edge_293 node_177 node_181"}], [3103.0, 1759.0, 3320.0, 1669.0, {"arrow": "last", "fill": "green", "tags": "edge_294 node_177 node_189"}], [2971.0, 1619.0, 2974.0, 1756.0, {"arrow": "last", "fill": "green", "tags": "edge_295 node_180 node_176"}], [2971.0, 1619.0, 3320.0, 1669.0, {"arrow": "last", "fill": "green", "tags": "edge_296 node_180 node_189"}], [2974.0, 1756.0, 3326.0, 1844.0, {"arrow": "last", "fill": "green", "tags": "edge_297 node_176 node_191"}], [2974.0, 1756.0, 2982.0, 1872.0, {"arrow": "last", "fill": "green", "tags": "edge_298 node_176 node_178"}], [2982.0, 1872.0, 2975.0, 2034.0, {"arrow": "last", "fill": "green", "tags": "edge_299 node_178 node_172"}], [3326.0, 1844.0, 3191.0, 1819.0, {"arrow": "last", "fill": "green", "tags": "edge_300 node_191 node_190"}], [3191.0, 1819.0, 3103.0, 1759.0, {"arrow": "last", "fill": "green", "tags": "edge_301 node_190 node_177"}], [3191.0, 1819.0, 2982.0, 1872.0, {"arrow": "last", "fill": "green", "tags": "edge_302 node_190 node_178"}], [3320.0, 1669.0, 3194.0, 1690.0, {"arrow": "last", "fill": "green", "tags": "edge_303 node_189 node_188"}], [3194.0, 1690.0, 3067.0, 1621.0, {"arrow": "last", "fill": "green", "tags": "edge_304 node_188 node_181"}], [3194.0, 1690.0, 2974.0, 1756.0, {"arrow": "last", "fill": "green", "tags": "edge_305 node_188 node_176"}], [3067.0, 1621.0, 3061.0, 1462.0, {"arrow": "last", "fill": "green", "tags": "edge_306 node_181 node_183"}], [2966.0, 1459.0, 2971.0, 1619.0, {"arrow": "last", "fill": "green", "tags": "edge_307 node_182 node_180"}], [3061.0, 1462.0, 3310.0, 1370.0, {"arrow": "last", "fill": "green", "tags": "edge_308 node_183 node_187"}], [3061.0, 1462.0, 3041.0, 1306.0, {"arrow": "last", "fill": "green", "tags": "edge_309 node_183 node_185"}], [2968.0, 1306.0, 2966.0, 1459.0, {"arrow": "last", "fill": "green", "tags": "edge_310 node_184 node_182"}], [2968.0, 1306.0, 3310.0, 1370.0, {"arrow": "last", "fill": "green", "tags": "edge_311 node_184 node_187"}], [3310.0, 1370.0, 3184.0, 1389.0, {"arrow": "last", "fill": "green", "tags": "edge_312 node_187 node_186"}], [3184.0, 1389.0, 3041.0, 1306.0, {"arrow": "last", "fill": "green", "tags": "edge_313 node_186 node_185"}], [3184.0, 1389.0, 2966.0, 1459.0, {"arrow": "last", "fill": "green", "tags": "edge_314 node_186 node_182"}], [2596.0, 3181.0, 2617.0, 3043.0, {"arrow": "last", "fill": "green", "tags": "edge_315 node_193 node_192"}], [2617.0, 3043.0, 2703.0, 2924.0, {"arrow": "last", "fill": "green", "tags": "edge_316 node_192 node_150"}], [2617.0, 3043.0, 2567.0, 2844.0, {"arrow": "last", "fill": "green", "tags": "edge_317 node_192 node_149"}], [2567.0, 2924.0, 2596.0, 3181.0, {"arrow": "last", "fill": "green", "tags": "edge_318 node_148 node_193"}], [2701.0, 2846.0, 2596.0, 3181.0, {"arrow": "last", "fill": "green", "tags": "edge_319 node_151 node_193"}], [3279.0, 3929.0, 3166.0, 3621.0, {"arrow": "last", "fill": "green", "tags": "edge_320 node_97 node_194"}], [3166.0, 3621.0, 3055.0, 3545.0, {"arrow": "last", "fill": "green", "tags": "edge_321 node_194 node_102"}], [3166.0, 3621.0, 2974.0, 3675.0, {"arrow": "last", "fill": "green", "tags": "edge_322 node_194 node_100"}], [3344.0, 2882.0, 3155.0, 2597.0, {"arrow": "last", "fill": "green", "tags": "edge_323 node_157 node_195"}], [3155.0, 2597.0, 3056.0, 2523.0, {"arrow": "last", "fill": "green", "tags": "edge_324 node_195 node_160"}], [3155.0, 2597.0, 2969.0, 2642.0, {"arrow": "last", "fill": "green", "tags": "edge_325 node_195 node_159"}], [2966.0, 2523.0, 3344.0, 2882.0, {"arrow": "last", "fill": "green", "tags": "edge_326 node_161 node_157"}], [3054.0, 2637.0, 3344.0, 2882.0, {"arrow": "last", "fill": "green", "tags": "edge_327 node_158 node_157"}], [3052.0, 3677.0, 3279.0, 3929.0, {"arrow": "last", "fill": "green", "tags": "edge_328 node_101 node_97"}], [2967.0, 3544.0, 3279.0, 3929.0, {"arrow": "last", "fill": "green", "tags": "edge_329 node_103 node_97"}]], "text": [[393.0, 2944.0, {"text": "office_5_door", "fill": "blue", "tags": "node_0"}], [186.0, 2928.0, {"text": "office_5", "fill": "blue", "tags": "node_1"}], [650.0, 2927.0, {"text": "hallway_7-1r", "fill": "blue", "tags": "node_2"}], [656.0, 2841.0, {"text": "hallway_7-1l", "fill": "blue", "tags": "node_3"}], [496.0, 2764.0, {"text": "hallway_5-1d", "fill": "blue", "tags": "node_4"}], [550.0, 2777.0, {"text": "hallway_5-1u", "fill": "blue", "tags": "node_5"}], [482.0, 2973.0, {"text": "hallway_5-2d", "fill": "blue", "tags": "node_6"}], [570.0, 2975.0, {"text": "hallway_5-2u", "fill": "blue", "tags": "node_7"}], [480.0, 3041.0, {"text": "hallway_10-1d", "fill": "blue", "tags": "node_8"}], [605.0, 3016.0, {"text": "hallway_10-1u", "fill": "blue", "tags": "node_9"}], [479.0, 3138.0, {"text": "hallway_10-2d", "fill": "blue", "tags": "node_10"}], [563.0, 3146.0, {"text": "hallway_10-2u", "fill": "blue", "tags": "node_11"}], [656.0, 3106.0, {"text": "office_16_door", "fill": "blue", "tags": "node_12"}], [770.0, 3114.0, {"text": "office_16", "fill": "blue", "tags": "node_13"}], [566.0, 2874.5, {"text": "cf", "fill": "purple", "tags": "edge_0 node_7 node_5"}], [641.0, 2935.0, {"text": "tr", "fill": "purple", "tags": "edge_1 node_7 node_2"}], [233.0, 2934.5, {"text": "tl", "fill": "purple", "tags": "edge_2 node_7 node_1"}], [482.0, 2871.0, {"text": "cf", "fill": "purple", "tags": "edge_3 node_4 node_6"}], [643.0, 2892.0, {"text": "tl", "fill": "purple", "tags": "edge_4 node_4 node_2"}], [216.0, 2886.5, {"text": "tr", "fill": "purple", "tags": "edge_5 node_4 node_1"}], [295.0, 2918.5, {"text": "fd", "fill": "purple", "tags": "edge_6 node_1 node_0"}], [412.0, 2905.5, {"text": "tl", "fill": "purple", "tags": "edge_7 node_0 node_5"}], [415.0, 2931.0, {"text": "tr", "fill": "purple", "tags": "edge_8 node_0 node_6"}], [429.0, 2921.0, {"text": "cf", "fill": "purple", "tags": "edge_9 node_0 node_2"}], [634.0, 2814.5, {"text": "tr", "fill": "purple", "tags": "edge_10 node_3 node_5"}], [652.0, 2851.0, {"text": "tl", "fill": "purple", "tags": "edge_11 node_3 node_6"}], [231.0, 2905.5, {"text": "s", "fill": "purple", "tags": "edge_12 node_3 node_1"}], [572.0, 2996.5, {"text": "cf", "fill": "purple", "tags": "edge_13 node_9 node_7"}], [481.0, 2994.0, {"text": "cf", "fill": "purple", "tags": "edge_14 node_6 node_8"}], [572.5, 3082.0, {"text": "cf", "fill": "purple", "tags": "edge_15 node_11 node_9"}], [479.5, 3076.5, {"text": "cf", "fill": "purple", "tags": "edge_16 node_8 node_10"}], [732.5, 3115.0, {"text": "tr", "fill": "purple", "tags": "edge_17 node_11 node_13"}], [739.0, 3087.5, {"text": "tl", "fill": "purple", "tags": "edge_18 node_8 node_13"}], [711.0, 3096.0, {"text": "fd", "fill": "purple", "tags": "edge_19 node_13 node_12"}], [638.0, 3074.0, {"text": "tr", "fill": "purple", "tags": "edge_20 node_12 node_9"}], [640.5, 3091.0, {"text": "tl", "fill": "purple", "tags": "edge_21 node_12 node_10"}], [405.0, 3261.0, {"text": "hallway_10-3d", "fill": "blue", "tags": "node_14"}], [567.0, 3268.0, {"text": "hallway_10-3u", "fill": "blue", "tags": "node_15"}], [478.5, 3190.0, {"text": "cf", "fill": "purple", "tags": "edge_22 node_10 node_14"}], [569.0, 3194.0, {"text": "cf", "fill": "purple", "tags": "edge_23 node_15 node_11"}], [371.0, 3189.0, {"text": "office_4_door", "fill": "blue", "tags": "node_16"}], [164.0, 3175.0, {"text": "office_4", "fill": "blue", "tags": "node_17"}], [210.5, 3151.5, {"text": "tr", "fill": "purple", "tags": "edge_24 node_10 node_17"}], [214.5, 3182.5, {"text": "tl", "fill": "purple", "tags": "edge_25 node_15 node_17"}], [351.0, 3168.5, {"text": "fd", "fill": "purple", "tags": "edge_26 node_17 node_16"}], [422.5, 3167.0, {"text": "tl", "fill": "purple", "tags": "edge_27 node_16 node_11"}], [421.0, 3188.0, {"text": "tr", "fill": "purple", "tags": "edge_28 node_16 node_14"}], [462.0, 3402.0, {"text": "hallway_10-4d", "fill": "blue", "tags": "node_18"}], [648.0, 3394.0, {"text": "hallway_10-4u", "fill": "blue", "tags": "node_19"}], [570.5, 3323.0, {"text": "cf", "fill": "purple", "tags": "edge_29 node_19 node_15"}], [478.5, 3322.0, {"text": "cf", "fill": "purple", "tags": "edge_30 node_14 node_18"}], [346.0, 3352.0, {"text": "office_3_door", "fill": "blue", "tags": "node_20"}], [173.0, 3347.0, {"text": "office_3", "fill": "blue", "tags": "node_21"}], [203.5, 3321.5, {"text": "tr", "fill": "purple", "tags": "edge_31 node_14 node_21"}], [207.5, 3351.5, {"text": "tl", "fill": "purple", "tags": "edge_32 node_19 node_21"}], [273.0, 3334.0, {"text": "fd", "fill": "purple", "tags": "edge_33 node_21 node_20"}], [390.0, 3321.5, {"text": "tl", "fill": "purple", "tags": "edge_34 node_20 node_15"}], [390.0, 3341.5, {"text": "tr", "fill": "purple", "tags": "edge_35 node_20 node_18"}], [498.0, 3632.0, {"text": "hallway_10-5d", "fill": "blue", "tags": "node_22"}], [645.0, 3648.0, {"text": "hallway_10-5u", "fill": "blue", "tags": "node_23"}], [489.0, 3788.0, {"text": "hallway_10-6d", "fill": "blue", "tags": "node_24"}], [658.0, 3780.0, {"text": "hallway_10-6u", "fill": "blue", "tags": "node_25"}], [482.5, 3518.5, {"text": "cf", "fill": "purple", "tags": "edge_36 node_18 node_22"}], [492.0, 3715.5, {"text": "cf", "fill": "purple", "tags": "edge_37 node_22 node_24"}], [573.0, 3720.0, {"text": "cf", "fill": "purple", "tags": "edge_38 node_25 node_23"}], [570.0, 3519.0, {"text": "cf", "fill": "purple", "tags": "edge_39 node_23 node_19"}], [394.0, 3714.0, {"text": "office_2_door", "fill": "blue", "tags": "node_26"}], [195.0, 3695.0, {"text": "office_2", "fill": "blue", "tags": "node_27"}], [244.5, 3670.0, {"text": "tr", "fill": "purple", "tags": "edge_40 node_22 node_27"}], [242.5, 3707.0, {"text": "tl", "fill": "purple", "tags": "edge_41 node_25 node_27"}], [328.5, 3687.0, {"text": "fd", "fill": "purple", "tags": "edge_42 node_27 node_26"}], [412.0, 3678.5, {"text": "tl", "fill": "purple", "tags": "edge_43 node_26 node_23"}], [420.0, 3701.5, {"text": "tr", "fill": "purple", "tags": "edge_44 node_26 node_24"}], [647.0, 3987.0, {"text": "hallway_3-1r", "fill": "blue", "tags": "node_28"}], [648.0, 3887.0, {"text": "hallway_3-1l", "fill": "blue", "tags": "node_29"}], [395.0, 3860.0, {"text": "office_1_door", "fill": "blue", "tags": "node_32"}], [195.0, 3861.0, {"text": "office_1", "fill": "blue", "tags": "node_33"}], [226.0, 3827.5, {"text": "tr", "fill": "purple", "tags": "edge_45 node_24 node_33"}], [287.0, 3847.5, {"text": "fd", "fill": "purple", "tags": "edge_46 node_33 node_32"}], [249.5, 3859.0, {"text": "s", "fill": "purple", "tags": "edge_47 node_29 node_33"}], [413.5, 3828.0, {"text": "tl", "fill": "purple", "tags": "edge_48 node_32 node_25"}], [423.0, 3871.5, {"text": "cf", "fill": "purple", "tags": "edge_49 node_32 node_28"}], [635.0, 3839.5, {"text": "tr", "fill": "purple", "tags": "edge_50 node_29 node_25"}], [629.0, 3933.5, {"text": "tl", "fill": "purple", "tags": "edge_51 node_24 node_28"}], [1244.0, 3982.0, {"text": "hallway_3-2r", "fill": "blue", "tags": "node_34"}], [1248.0, 3903.0, {"text": "hallway_3-2l", "fill": "blue", "tags": "node_35"}], [1373.0, 3983.0, {"text": "hallway_3-3r", "fill": "blue", "tags": "node_36"}], [1368.0, 3909.0, {"text": "hallway_3-3l", "fill": "blue", "tags": "node_37"}], [1540.0, 3989.0, {"text": "hallway_3-4r", "fill": "blue", "tags": "node_38"}], [1590.0, 3916.0, {"text": "hallway_3-4l", "fill": "blue", "tags": "node_39"}], [1653.0, 3837.0, {"text": "hallway_9-1d", "fill": "blue", "tags": "node_40"}], [1729.0, 3853.0, {"text": "hallway_9-1u", "fill": "blue", "tags": "node_41"}], [1651.0, 4029.0, {"text": "hallway_11-1d", "fill": "blue", "tags": "node_42"}], [1757.0, 4031.0, {"text": "hallway_11-1u", "fill": "blue", "tags": "node_43"}], [1825.0, 3948.0, {"text": "office_37_door", "fill": "blue", "tags": "node_44"}], [1964.0, 3948.0, {"text": "office_37", "fill": "blue", "tags": "node_45"}], [945.5, 3971.5, {"text": "cf", "fill": "purple", "tags": "edge_52 node_28 node_34"}], [948.0, 3882.0, {"text": "cf", "fill": "purple", "tags": "edge_53 node_35 node_29"}], [1308.0, 3893.0, {"text": "cf", "fill": "purple", "tags": "edge_54 node_37 node_35"}], [1479.0, 3899.5, {"text": "cf", "fill": "purple", "tags": "edge_55 node_39 node_37"}], [1308.5, 3969.5, {"text": "cf", "fill": "purple", "tags": "edge_56 node_34 node_36"}], [1483.0, 3972.5, {"text": "cf", "fill": "purple", "tags": "edge_57 node_36 node_38"}], [1324.0, 4071.0, {"text": "office_35_door", "fill": "blue", "tags": "node_46"}], [1328.0, 4175.0, {"text": "office_35", "fill": "blue", "tags": "node_47"}], [1313.0, 4147.5, {"text": "tr", "fill": "purple", "tags": "edge_58 node_34 node_47"}], [1337.0, 4146.0, {"text": "tl", "fill": "purple", "tags": "edge_59 node_37 node_47"}], [1326.0, 4108.0, {"text": "fd", "fill": "purple", "tags": "edge_60 node_47 node_46"}], [1310.0, 4046.0, {"text": "tl", "fill": "purple", "tags": "edge_61 node_46 node_35"}], [1332.5, 4046.0, {"text": "tr", "fill": "purple", "tags": "edge_62 node_46 node_36"}], [1650.0, 3737.0, {"text": "hallway_9-2d", "fill": "blue", "tags": "node_48"}], [1767.0, 3734.0, {"text": "hallway_9-2u", "fill": "blue", "tags": "node_49"}], [1576.0, 3786.0, {"text": "office_36_door", "fill": "blue", "tags": "node_50"}], [1357.0, 3777.0, {"text": "office_36", "fill": "blue", "tags": "node_51"}], [1407.0, 3787.0, {"text": "tl", "fill": "purple", "tags": "edge_64 node_41 node_51"}], [1594.5, 3989.0, {"text": "tr", "fill": "purple", "tags": "edge_68 node_38 node_42"}], [1612.0, 3974.5, {"text": "s", "fill": "purple", "tags": "edge_69 node_38 node_45"}], [1601.5, 3962.0, {"text": "tl", "fill": "purple", "tags": "edge_70 node_38 node_41"}], [1723.5, 4011.0, {"text": "tl", "fill": "purple", "tags": "edge_71 node_43 node_39"}], [1760.5, 4015.0, {"text": "tr", "fill": "purple", "tags": "edge_72 node_43 node_45"}], [1741.0, 3996.5, {"text": "cf", "fill": "purple", "tags": "edge_73 node_43 node_41"}], [1891.5, 3932.0, {"text": "fd", "fill": "purple", "tags": "edge_74 node_45 node_44"}], [1651.5, 3774.0, {"text": "cf", "fill": "purple", "tags": "edge_75 node_48 node_40"}], [1742.0, 3781.5, {"text": "cf", "fill": "purple", "tags": "edge_76 node_41 node_49"}], [1399.5, 3753.0, {"text": "tr", "fill": "purple", "tags": "edge_77 node_48 node_51"}], [1525.5, 3768.5, {"text": "fd", "fill": "purple", "tags": "edge_78 node_51 node_50"}], [1606.5, 3794.5, {"text": "tr", "fill": "purple", "tags": "edge_79 node_50 node_40"}], [1594.5, 3767.0, {"text": "tl", "fill": "purple", "tags": "edge_80 node_50 node_49"}], [1612.5, 3869.5, {"text": "tr", "fill": "purple", "tags": "edge_81 node_40 node_39"}], [1653.0, 3868.0, {"text": "cf", "fill": "purple", "tags": "edge_82 node_40 node_42"}], [1923.5, 3916.5, {"text": "tl", "fill": "purple", "tags": "edge_83 node_40 node_45"}], [1817.0, 3912.5, {"text": "tr", "fill": "purple", "tags": "edge_84 node_44 node_41"}], [1707.5, 3919.0, {"text": "cf", "fill": "purple", "tags": "edge_85 node_44 node_39"}], [1690.0, 4003.5, {"text": "tl", "fill": "purple", "tags": "edge_86 node_44 node_42"}], [1651.0, 4367.0, {"text": "hallway_11-2d", "fill": "blue", "tags": "node_52"}], [1823.0, 4356.0, {"text": "hallway_11-2u", "fill": "blue", "tags": "node_53"}], [1652.0, 4484.0, {"text": "hallway_11-3d", "fill": "blue", "tags": "node_54"}], [1759.0, 4482.0, {"text": "hallway_11-3u", "fill": "blue", "tags": "node_55"}], [1743.0, 4413.0, {"text": "cf", "fill": "purple", "tags": "edge_87 node_55 node_53"}], [1743.5, 4186.5, {"text": "cf", "fill": "purple", "tags": "edge_88 node_53 node_43"}], [1654.0, 4185.0, {"text": "cf", "fill": "purple", "tags": "edge_89 node_42 node_52"}], [1651.5, 4412.5, {"text": "cf", "fill": "purple", "tags": "edge_90 node_52 node_54"}], [1526.0, 4445.0, {"text": "storage_2_door", "fill": "blue", "tags": "node_56"}], [1401.0, 4425.0, {"text": "storage_2_door", "fill": "blue", "tags": "node_57"}], [1437.0, 4403.0, {"text": "tr", "fill": "purple", "tags": "edge_91 node_52 node_57"}], [1459.5, 4430.0, {"text": "tl", "fill": "purple", "tags": "edge_92 node_55 node_57"}], [1513.5, 4420.0, {"text": "fd", "fill": "purple", "tags": "edge_93 node_57 node_56"}], [1567.0, 4412.0, {"text": "tl", "fill": "purple", "tags": "edge_94 node_56 node_53"}], [1557.0, 4428.5, {"text": "tr", "fill": "purple", "tags": "edge_95 node_56 node_54"}], [1578.0, 4688.0, {"text": "hallway_11-4d", "fill": "blue", "tags": "node_58"}], [1820.0, 4692.0, {"text": "hallway_11-4u", "fill": "blue", "tags": "node_59"}], [1827.0, 4839.0, {"text": "hallway_4-1r", "fill": "blue", "tags": "node_60"}], [1825.0, 4752.0, {"text": "hallway_4-1l", "fill": "blue", "tags": "node_61"}], [1744.5, 4583.0, {"text": "cf", "fill": "purple", "tags": "edge_96 node_59 node_55"}], [1649.5, 4581.0, {"text": "cf", "fill": "purple", "tags": "edge_97 node_54 node_58"}], [1742.0, 4912.0, {"text": "office_34_door", "fill": "blue", "tags": "node_62"}], [1751.0, 5079.0, {"text": "office_34", "fill": "blue", "tags": "node_63"}], [1657.0, 4712.5, {"text": "tl", "fill": "purple", "tags": "edge_98 node_58 node_60"}], [1814.0, 4721.5, {"text": "tr", "fill": "purple", "tags": "edge_99 node_61 node_59"}], [1730.0, 5028.5, {"text": "s", "fill": "purple", "tags": "edge_101 node_58 node_63"}], [1754.0, 4984.0, {"text": "fd", "fill": "purple", "tags": "edge_102 node_63 node_62"}], [1774.0, 5019.5, {"text": "tl", "fill": "purple", "tags": "edge_103 node_61 node_63"}], [1777.0, 4896.0, {"text": "tr", "fill": "purple", "tags": "edge_104 node_62 node_60"}], [1748.0, 4871.0, {"text": "cf", "fill": "purple", "tags": "edge_105 node_62 node_59"}], [1971.0, 4842.0, {"text": "hallway_4-2r", "fill": "blue", "tags": "node_64"}], [1963.0, 4753.0, {"text": "hallway_4-2l", "fill": "blue", "tags": "node_65"}], [2201.0, 4839.0, {"text": "hallway_4-3r", "fill": "blue", "tags": "node_66"}], [2202.0, 4763.0, {"text": "hallway_4-3l", "fill": "blue", "tags": "node_67"}], [1908.0, 4923.0, {"text": "office_33_door", "fill": "blue", "tags": "node_68"}], [1912.0, 5026.0, {"text": "office_33", "fill": "blue", "tags": "node_69"}], [1890.5, 4998.5, {"text": "tr", "fill": "purple", "tags": "edge_106 node_60 node_69"}], [1899.5, 4827.5, {"text": "cf", "fill": "purple", "tags": "edge_107 node_60 node_64"}], [2085.5, 4827.5, {"text": "cf", "fill": "purple", "tags": "edge_108 node_64 node_66"}], [2137.5, 4746.0, {"text": "cf", "fill": "purple", "tags": "edge_109 node_67 node_65"}], [1894.0, 4739.5, {"text": "cf", "fill": "purple", "tags": "edge_110 node_65 node_61"}], [1930.5, 4947.5, {"text": "tl", "fill": "purple", "tags": "edge_111 node_65 node_69"}], [1910.0, 4961.5, {"text": "fd", "fill": "purple", "tags": "edge_112 node_69 node_68"}], [1926.0, 4889.5, {"text": "tr", "fill": "purple", "tags": "edge_113 node_68 node_64"}], [1898.5, 4892.5, {"text": "tl", "fill": "purple", "tags": "edge_114 node_68 node_61"}], [2257.0, 4909.0, {"text": "office_32_door", "fill": "blue", "tags": "node_70"}], [2269.0, 4995.0, {"text": "office_32", "fill": "blue", "tags": "node_71"}], [2349.0, 4837.0, {"text": "hallway_4-4r", "fill": "blue", "tags": "node_72"}], [2353.0, 4764.0, {"text": "hallway_4-4l", "fill": "blue", "tags": "node_73"}], [2409.0, 4710.0, {"text": "hallway_12-1d", "fill": "blue", "tags": "node_74"}], [2479.0, 4717.0, {"text": "hallway_12-1u", "fill": "blue", "tags": "node_75"}], [2433.0, 4907.0, {"text": "office_31_door", "fill": "blue", "tags": "node_76"}], [2427.0, 5013.0, {"text": "office_31", "fill": "blue", "tags": "node_77"}], [2275.0, 4825.0, {"text": "cf", "fill": "purple", "tags": "edge_115 node_66 node_72"}], [2278.5, 4750.5, {"text": "cf", "fill": "purple", "tags": "edge_116 node_73 node_67"}], [2246.5, 4968.0, {"text": "tr", "fill": "purple", "tags": "edge_117 node_66 node_71"}], [2407.0, 4981.0, {"text": "tr", "fill": "purple", "tags": "edge_118 node_72 node_77"}], [2356.0, 4809.5, {"text": "tl", "fill": "purple", "tags": "edge_119 node_72 node_75"}], [2380.5, 4722.0, {"text": "tr", "fill": "purple", "tags": "edge_120 node_74 node_73"}], [2418.5, 4963.5, {"text": "s", "fill": "purple", "tags": "edge_121 node_74 node_77"}], [2292.5, 4961.5, {"text": "tl", "fill": "purple", "tags": "edge_122 node_73 node_71"}], [2269.0, 4936.0, {"text": "fd", "fill": "purple", "tags": "edge_123 node_71 node_70"}], [2286.5, 4871.0, {"text": "tr", "fill": "purple", "tags": "edge_124 node_70 node_72"}], [2264.0, 4874.0, {"text": "tl", "fill": "purple", "tags": "edge_125 node_70 node_67"}], [2436.0, 4943.0, {"text": "fd", "fill": "purple", "tags": "edge_126 node_77 node_76"}], [2445.0, 4880.5, {"text": "cf", "fill": "purple", "tags": "edge_127 node_76 node_75"}], [2432.0, 4878.5, {"text": "tl", "fill": "purple", "tags": "edge_128 node_76 node_73"}], [2606.0, 4416.0, {"text": "storage_1_door", "fill": "blue", "tags": "node_78"}], [2570.0, 4495.0, {"text": "storage_1", "fill": "blue", "tags": "node_79"}], [2325.0, 4478.0, {"text": "hallway_12-2d", "fill": "blue", "tags": "node_80"}], [2480.0, 4522.0, {"text": "hallway_12-2u", "fill": "blue", "tags": "node_81"}], [2331.0, 4341.0, {"text": "hallway_12-3d", "fill": "blue", "tags": "node_82"}], [2578.0, 4342.0, {"text": "hallway_12-3u", "fill": "blue", "tags": "node_83"}], [2494.5, 4589.5, {"text": "cf", "fill": "purple", "tags": "edge_129 node_75 node_81"}], [2491.0, 4458.5, {"text": "cf", "fill": "purple", "tags": "edge_130 node_81 node_83"}], [2548.0, 4478.0, {"text": "tr", "fill": "purple", "tags": "edge_131 node_81 node_79"}], [2574.0, 4465.0, {"text": "fd", "fill": "purple", "tags": "edge_132 node_79 node_78"}], [2402.5, 4409.5, {"text": "cf", "fill": "purple", "tags": "edge_133 node_82 node_80"}], [2557.0, 4463.5, {"text": "tl", "fill": "purple", "tags": "edge_134 node_82 node_79"}], [2405.5, 4586.5, {"text": "cf", "fill": "purple", "tags": "edge_136 node_80 node_74"}], [2547.0, 4392.5, {"text": "tr", "fill": "purple", "tags": "edge_137 node_78 node_83"}], [2538.5, 4426.0, {"text": "tl", "fill": "purple", "tags": "edge_138 node_78 node_80"}], [2407.0, 4028.0, {"text": "hallway_12-4d", "fill": "blue", "tags": "node_84"}], [2505.0, 4031.0, {"text": "hallway_12-4u", "fill": "blue", "tags": "node_85"}], [2548.0, 3979.0, {"text": "hallway_14-1r", "fill": "blue", "tags": "node_86"}], [2550.0, 3895.0, {"text": "hallway_14-1l", "fill": "blue", "tags": "node_87"}], [2727.0, 3986.0, {"text": "hallway_14-2r", "fill": "blue", "tags": "node_88"}], [2720.0, 3900.0, {"text": "hallway_14-2l", "fill": "blue", "tags": "node_89"}], [2499.5, 4179.5, {"text": "cf", "fill": "purple", "tags": "edge_139 node_83 node_85"}], [2404.5, 4177.0, {"text": "cf", "fill": "purple", "tags": "edge_140 node_84 node_82"}], [2512.5, 3999.0, {"text": "tr", "fill": "purple", "tags": "edge_141 node_85 node_86"}], [2637.5, 3969.5, {"text": "cf", "fill": "purple", "tags": "edge_142 node_86 node_88"}], [2654.0, 4065.0, {"text": "office_30_door", "fill": "blue", "tags": "node_90"}], [2633.0, 4185.0, {"text": "office_30", "fill": "blue", "tags": "node_91"}], [2604.5, 4114.0, {"text": "tr", "fill": "purple", "tags": "edge_143 node_86 node_91"}], [2657.5, 4136.5, {"text": "tl", "fill": "purple", "tags": "edge_144 node_89 node_91"}], [2635.0, 3884.5, {"text": "cf", "fill": "purple", "tags": "edge_145 node_89 node_87"}], [2465.5, 3948.5, {"text": "tl", "fill": "purple", "tags": "edge_146 node_87 node_84"}], [2636.5, 4110.0, {"text": "fd", "fill": "purple", "tags": "edge_147 node_91 node_90"}], [2640.0, 4040.0, {"text": "tl", "fill": "purple", "tags": "edge_148 node_90 node_87"}], [2658.5, 4037.5, {"text": "tr", "fill": "purple", "tags": "edge_149 node_90 node_88"}], [2919.0, 3987.0, {"text": "hallway_14-3r", "fill": "blue", "tags": "node_92"}], [2918.0, 3923.0, {"text": "hallway_14-3l", "fill": "blue", "tags": "node_93"}], [2969.0, 3858.0, {"text": "hallway_2-1d", "fill": "blue", "tags": "node_94"}], [3047.0, 3866.0, {"text": "hallway_2-1u", "fill": "blue", "tags": "node_95"}], [3119.0, 3942.0, {"text": "office_29_door-l", "fill": "blue", "tags": "node_96"}], [3279.0, 3942.0, {"text": "office_29", "fill": "blue", "tags": "node_97"}], [2823.0, 3973.5, {"text": "cf", "fill": "purple", "tags": "edge_150 node_88 node_92"}], [2838.0, 3903.5, {"text": "cf", "fill": "purple", "tags": "edge_151 node_93 node_89"}], [3018.5, 3978.0, {"text": "s", "fill": "purple", "tags": "edge_152 node_92 node_97"}], [2931.5, 3957.0, {"text": "tl", "fill": "purple", "tags": "edge_153 node_92 node_95"}], [3242.5, 3916.0, {"text": "tl", "fill": "purple", "tags": "edge_154 node_94 node_97"}], [2944.5, 3881.0, {"text": "tr", "fill": "purple", "tags": "edge_155 node_94 node_93"}], [3211.5, 3929.5, {"text": "fd_l", "fill": "purple", "tags": "edge_156 node_97 node_96"}], [3113.5, 3914.5, {"text": "tr", "fill": "purple", "tags": "edge_157 node_96 node_95"}], [3096.5, 3928.5, {"text": "cf", "fill": "purple", "tags": "edge_158 node_96 node_93"}], [2905.0, 3789.0, {"text": "storage_2_door", "fill": "blue", "tags": "node_98"}], [2805.0, 3782.0, {"text": "storage_2", "fill": "blue", "tags": "node_99"}], [2898.0, 3676.0, {"text": "hallway_2-2d", "fill": "blue", "tags": "node_100"}], [3048.0, 3694.0, {"text": "hallway_2-2u", "fill": "blue", "tags": "node_101"}], [3051.0, 3764.5, {"text": "cf", "fill": "purple", "tags": "edge_159 node_95 node_101"}], [2835.5, 3790.5, {"text": "tl", "fill": "purple", "tags": "edge_160 node_95 node_99"}], [2971.5, 3763.5, {"text": "cf", "fill": "purple", "tags": "edge_161 node_100 node_94"}], [2824.5, 3754.0, {"text": "tr", "fill": "purple", "tags": "edge_162 node_100 node_99"}], [2854.0, 3769.5, {"text": "fd", "fill": "purple", "tags": "edge_163 node_99 node_98"}], [2919.5, 3755.5, {"text": "tl", "fill": "purple", "tags": "edge_164 node_98 node_101"}], [2917.0, 3780.0, {"text": "tr", "fill": "purple", "tags": "edge_165 node_98 node_94"}], [3104.0, 3547.0, {"text": "hallway_2-3u", "fill": "blue", "tags": "node_102"}], [2898.0, 3549.0, {"text": "hallway_2-3d", "fill": "blue", "tags": "node_103"}], [3053.5, 3611.0, {"text": "cf", "fill": "purple", "tags": "edge_166 node_101 node_102"}], [2970.5, 3609.5, {"text": "cf", "fill": "purple", "tags": "edge_167 node_103 node_100"}], [3090.0, 3269.0, {"text": "hallway_2-5u", "fill": "blue", "tags": "node_104"}], [2899.0, 3263.0, {"text": "hallway_2-5d", "fill": "blue", "tags": "node_105"}], [2896.0, 3368.0, {"text": "hallway_2-4d", "fill": "blue", "tags": "node_106"}], [3097.0, 3380.0, {"text": "hallway_2-4u", "fill": "blue", "tags": "node_107"}], [2896.0, 3117.0, {"text": "hallway_2-6d", "fill": "blue", "tags": "node_108"}], [3109.0, 3129.0, {"text": "hallway_2-6u", "fill": "blue", "tags": "node_109"}], [3198.0, 3216.0, {"text": "office_27_door", "fill": "blue", "tags": "node_110"}], [3189.0, 3336.0, {"text": "office_28_door", "fill": "blue", "tags": "node_111"}], [3363.0, 3345.0, {"text": "office_28", "fill": "blue", "tags": "node_112"}], [3318.0, 3198.0, {"text": "office_27", "fill": "blue", "tags": "node_113"}], [3070.0, 3457.0, {"text": "cf", "fill": "purple", "tags": "edge_168 node_102 node_107"}], [3308.0, 3350.5, {"text": "tr", "fill": "purple", "tags": "edge_169 node_107 node_112"}], [3088.5, 3312.5, {"text": "cf", "fill": "purple", "tags": "edge_170 node_107 node_104"}], [3276.0, 3208.5, {"text": "tr", "fill": "purple", "tags": "edge_171 node_104 node_113"}], [3091.0, 3187.0, {"text": "cf", "fill": "purple", "tags": "edge_172 node_104 node_109"}], [2974.5, 3186.5, {"text": "cf", "fill": "purple", "tags": "edge_173 node_108 node_105"}], [3273.5, 3175.0, {"text": "tl", "fill": "purple", "tags": "edge_174 node_108 node_113"}], [2976.5, 3312.5, {"text": "cf", "fill": "purple", "tags": "edge_175 node_105 node_106"}], [3315.5, 3318.0, {"text": "tl", "fill": "purple", "tags": "edge_176 node_105 node_112"}], [2972.0, 3455.5, {"text": "cf", "fill": "purple", "tags": "edge_177 node_106 node_103"}], [3274.5, 3326.5, {"text": "fd", "fill": "purple", "tags": "edge_178 node_112 node_111"}], [3171.0, 3301.5, {"text": "tr", "fill": "purple", "tags": "edge_179 node_111 node_104"}], [3165.5, 3315.0, {"text": "tl", "fill": "purple", "tags": "edge_180 node_111 node_106"}], [3251.5, 3191.5, {"text": "fd", "fill": "purple", "tags": "edge_181 node_113 node_110"}], [3166.5, 3179.0, {"text": "tr", "fill": "purple", "tags": "edge_182 node_110 node_109"}], [3162.5, 3205.0, {"text": "tl", "fill": "purple", "tags": "edge_183 node_110 node_105"}], [3139.0, 2980.0, {"text": "hallway_2-7u", "fill": "blue", "tags": "node_114"}], [2970.0, 2992.0, {"text": "hallway_2-7d", "fill": "blue", "tags": "node_115"}], [2902.0, 2939.0, {"text": "hallway_13-5r", "fill": "blue", "tags": "node_116"}], [2907.0, 2850.0, {"text": "hallway_13-5l", "fill": "blue", "tags": "node_117"}], [2945.0, 2756.0, {"text": "hallway_2-8d", "fill": "blue", "tags": "node_118"}], [3046.0, 2792.0, {"text": "hallway_2-8u", "fill": "blue", "tags": "node_119"}], [930.0, 2860.0, {"text": "hallway_7-2l", "fill": "blue", "tags": "node_120"}], [931.0, 2938.0, {"text": "hallway_7-2r", "fill": "blue", "tags": "node_121"}], [974.0, 2769.0, {"text": "office_17_door", "fill": "blue", "tags": "node_122"}], [962.0, 2634.0, {"text": "office_17", "fill": "blue", "tags": "node_123"}], [1060.0, 2935.0, {"text": "hallway_7-3r", "fill": "blue", "tags": "node_124"}], [1061.0, 2856.0, {"text": "hallway_7-3l", "fill": "blue", "tags": "node_125"}], [995.0, 2845.0, {"text": "cf", "fill": "purple", "tags": "edge_184 node_125 node_120"}], [792.5, 2837.5, {"text": "cf", "fill": "purple", "tags": "edge_185 node_120 node_3"}], [790.5, 2919.5, {"text": "cf", "fill": "purple", "tags": "edge_186 node_2 node_121"}], [995.5, 2923.5, {"text": "cf", "fill": "purple", "tags": "edge_187 node_121 node_124"}], [997.0, 2683.0, {"text": "tr", "fill": "purple", "tags": "edge_189 node_125 node_123"}], [951.0, 2681.0, {"text": "tl", "fill": "purple", "tags": "edge_190 node_121 node_123"}], [970.5, 2702.5, {"text": "fd", "fill": "purple", "tags": "edge_191 node_123 node_122"}], [995.0, 2780.0, {"text": "tl", "fill": "purple", "tags": "edge_192 node_122 node_124"}], [961.5, 2786.5, {"text": "tr", "fill": "purple", "tags": "edge_193 node_122 node_120"}], [1564.0, 2932.0, {"text": "hallway_3-4r", "fill": "blue", "tags": "node_130"}], [1627.0, 2831.0, {"text": "hallway_3-4l", "fill": "blue", "tags": "node_131"}], [1834.0, 2942.0, {"text": "hallway_13-1r", "fill": "blue", "tags": "node_132"}], [1882.0, 2809.0, {"text": "hallway_13-1l", "fill": "blue", "tags": "node_133"}], [1599.0, 2749.0, {"text": "hallway_1-1d", "fill": "blue", "tags": "node_134"}], [1795.0, 2768.0, {"text": "hallway_1-1u", "fill": "blue", "tags": "node_135"}], [1340.5, 2922.0, {"text": "cf", "fill": "purple", "tags": "edge_196 node_124 node_130"}], [1344.0, 2830.5, {"text": "cf", "fill": "purple", "tags": "edge_197 node_131 node_125"}], [1670.0, 2379.0, {"text": "hallway_1-2d", "fill": "blue", "tags": "node_136"}], [1800.0, 2380.0, {"text": "hallway_1-2u", "fill": "blue", "tags": "node_137"}], [1643.0, 3461.0, {"text": "hallway_9-3d", "fill": "blue", "tags": "node_138"}], [1744.0, 3466.0, {"text": "hallway_9-3u", "fill": "blue", "tags": "node_139"}], [1643.0, 3350.0, {"text": "hallway_9-4d", "fill": "blue", "tags": "node_140"}], [1751.0, 3351.0, {"text": "hallway_9-4u", "fill": "blue", "tags": "node_141"}], [1881.0, 3410.0, {"text": "conferenceRoom_1_door", "fill": "blue", "tags": "node_142"}], [2011.0, 3398.0, {"text": "conferenceRoom_1", "fill": "blue", "tags": "node_143"}], [1742.5, 3588.0, {"text": "cf", "fill": "purple", "tags": "edge_199 node_49 node_139"}], [1971.5, 3412.0, {"text": "tr", "fill": "purple", "tags": "edge_200 node_139 node_143"}], [1747.5, 3395.5, {"text": "cf", "fill": "purple", "tags": "edge_201 node_139 node_141"}], [1643.0, 3392.5, {"text": "cf", "fill": "purple", "tags": "edge_202 node_140 node_138"}], [1646.5, 3586.0, {"text": "cf", "fill": "purple", "tags": "edge_203 node_138 node_48"}], [1970.0, 3376.0, {"text": "tl", "fill": "purple", "tags": "edge_204 node_140 node_143"}], [1944.0, 3389.0, {"text": "fd", "fill": "purple", "tags": "edge_205 node_143 node_142"}], [1863.0, 3379.5, {"text": "tr", "fill": "purple", "tags": "edge_206 node_142 node_141"}], [1864.0, 3398.5, {"text": "tl", "fill": "purple", "tags": "edge_207 node_142 node_138"}], [1659.0, 3008.0, {"text": "hallway_9-5d", "fill": "blue", "tags": "node_144"}], [1752.0, 3015.0, {"text": "hallway_9-5u", "fill": "blue", "tags": "node_145"}], [1751.5, 3170.0, {"text": "cf", "fill": "purple", "tags": "edge_208 node_141 node_145"}], [1651.0, 3166.0, {"text": "cf", "fill": "purple", "tags": "edge_209 node_144 node_140"}], [1773.0, 2992.5, {"text": "tr", "fill": "purple", "tags": "edge_210 node_145 node_132"}], [1752.5, 2967.5, {"text": "cf", "fill": "purple", "tags": "edge_211 node_145 node_135"}], [1833.5, 2804.5, {"text": "tr", "fill": "purple", "tags": "edge_213 node_133 node_135"}], [1810.5, 2820.0, {"text": "cf", "fill": "purple", "tags": "edge_214 node_133 node_131"}], [1825.5, 2836.5, {"text": "tl", "fill": "purple", "tags": "edge_215 node_133 node_144"}], [1638.5, 2765.5, {"text": "tr", "fill": "purple", "tags": "edge_216 node_134 node_131"}], [1653.5, 2775.0, {"text": "cf", "fill": "purple", "tags": "edge_217 node_134 node_144"}], [1676.0, 2767.0, {"text": "tr", "fill": "purple", "tags": "edge_218 node_134 node_132"}], [1740.5, 2990.0, {"text": "tl", "fill": "purple", "tags": "edge_219 node_145 node_131"}], [1620.0, 2935.5, {"text": "tr", "fill": "purple", "tags": "edge_220 node_130 node_144"}], [1639.5, 2924.5, {"text": "cf", "fill": "purple", "tags": "edge_221 node_130 node_132"}], [1632.0, 2902.5, {"text": "tl", "fill": "purple", "tags": "edge_222 node_130 node_135"}], [1795.5, 2570.0, {"text": "cf", "fill": "purple", "tags": "edge_223 node_135 node_137"}], [1662.0, 2558.5, {"text": "cf", "fill": "purple", "tags": "edge_225 node_136 node_134"}], [2470.0, 2936.0, {"text": "hallway_13-2r", "fill": "blue", "tags": "node_146"}], [2466.0, 2852.0, {"text": "hallway_13-2l", "fill": "blue", "tags": "node_147"}], [2567.0, 2937.0, {"text": "hallway_13-3r", "fill": "blue", "tags": "node_148"}], [2567.0, 2857.0, {"text": "hallway_13-3l", "fill": "blue", "tags": "node_149"}], [2703.0, 2937.0, {"text": "hallway_13-4r", "fill": "blue", "tags": "node_150"}], [2701.0, 2859.0, {"text": "hallway_13-4l", "fill": "blue", "tags": "node_151"}], [2150.0, 2830.5, {"text": "cf", "fill": "purple", "tags": "edge_229 node_147 node_133"}], [2152.0, 2926.0, {"text": "cf", "fill": "purple", "tags": "edge_230 node_132 node_146"}], [2524.0, 2741.0, {"text": "WC_1_door", "fill": "blue", "tags": "node_152"}], [2447.0, 2645.0, {"text": "WC_1", "fill": "blue", "tags": "node_153"}], [2816.0, 2763.0, {"text": "WC_2_door", "fill": "blue", "tags": "node_154"}], [2773.0, 2684.0, {"text": "WC_2", "fill": "blue", "tags": "node_155"}], [2518.5, 2923.5, {"text": "cf", "fill": "purple", "tags": "edge_231 node_146 node_148"}], [2438.5, 2671.5, {"text": "tl", "fill": "purple", "tags": "edge_233 node_146 node_153"}], [2635.0, 2924.0, {"text": "cf", "fill": "purple", "tags": "edge_234 node_148 node_150"}], [2806.0, 2919.5, {"text": "cf", "fill": "purple", "tags": "edge_235 node_150 node_116"}], [2750.5, 2697.0, {"text": "tl", "fill": "purple", "tags": "edge_236 node_150 node_155"}], [2804.0, 2841.5, {"text": "cf", "fill": "purple", "tags": "edge_237 node_117 node_151"}], [2804.0, 2691.0, {"text": "tr", "fill": "purple", "tags": "edge_238 node_117 node_155"}], [2634.0, 2845.0, {"text": "cf", "fill": "purple", "tags": "edge_239 node_151 node_149"}], [2516.5, 2841.5, {"text": "cf", "fill": "purple", "tags": "edge_240 node_149 node_147"}], [2484.0, 2667.0, {"text": "tr", "fill": "purple", "tags": "edge_241 node_149 node_153"}], [2468.5, 2694.0, {"text": "fd", "fill": "purple", "tags": "edge_242 node_153 node_152"}], [2478.0, 2758.5, {"text": "tr", "fill": "purple", "tags": "edge_243 node_152 node_147"}], [2503.5, 2764.0, {"text": "tl", "fill": "purple", "tags": "edge_244 node_152 node_148"}], [2773.5, 2718.5, {"text": "fd", "fill": "purple", "tags": "edge_245 node_155 node_154"}], [2762.5, 2767.0, {"text": "tr", "fill": "purple", "tags": "edge_246 node_154 node_151"}], [2798.5, 2780.5, {"text": "tl", "fill": "purple", "tags": "edge_247 node_154 node_116"}], [3167.0, 2902.0, {"text": "office_41_door-l", "fill": "blue", "tags": "node_156"}], [3344.0, 2895.0, {"text": "office_41", "fill": "blue", "tags": "node_157"}], [3079.5, 3046.0, {"text": "cf", "fill": "purple", "tags": "edge_248 node_109 node_114"}], [2971.5, 3047.0, {"text": "cf", "fill": "purple", "tags": "edge_249 node_115 node_108"}], [3062.5, 2949.5, {"text": "cf", "fill": "purple", "tags": "edge_250 node_114 node_119"}], [3098.5, 2966.5, {"text": "tr", "fill": "purple", "tags": "edge_251 node_114 node_157"}], [3055.0, 2963.5, {"text": "tl", "fill": "purple", "tags": "edge_252 node_114 node_117"}], [2958.0, 2777.5, {"text": "tr", "fill": "purple", "tags": "edge_253 node_118 node_117"}], [2967.5, 2786.5, {"text": "cf", "fill": "purple", "tags": "edge_254 node_118 node_115"}], [3002.5, 2778.5, {"text": "tl", "fill": "purple", "tags": "edge_255 node_118 node_157"}], [2915.5, 2926.0, {"text": "tr", "fill": "purple", "tags": "edge_256 node_116 node_115"}], [2946.5, 2914.0, {"text": "s", "fill": "purple", "tags": "edge_257 node_116 node_157"}], [2915.5, 2902.0, {"text": "tl", "fill": "purple", "tags": "edge_258 node_116 node_119"}], [3198.0, 2877.5, {"text": "fd_l", "fill": "purple", "tags": "edge_259 node_157 node_156"}], [3128.0, 2863.5, {"text": "tr", "fill": "purple", "tags": "edge_260 node_156 node_119"}], [3110.5, 2872.5, {"text": "cf", "fill": "purple", "tags": "edge_261 node_156 node_117"}], [3122.0, 2883.5, {"text": "tl", "fill": "purple", "tags": "edge_262 node_156 node_115"}], [3045.0, 2674.0, {"text": "hallway_2-9u", "fill": "blue", "tags": "node_158"}], [2969.0, 2655.0, {"text": "hallway_2-9d", "fill": "blue", "tags": "node_159"}], [3114.0, 2525.0, {"text": "hallway_2-10u", "fill": "blue", "tags": "node_160"}], [2966.0, 2536.0, {"text": "hallway_2-10d", "fill": "blue", "tags": "node_161"}], [3050.0, 2708.0, {"text": "cf", "fill": "purple", "tags": "edge_263 node_119 node_158"}], [3055.0, 2580.0, {"text": "cf", "fill": "purple", "tags": "edge_264 node_158 node_160"}], [2967.5, 2582.5, {"text": "cf", "fill": "purple", "tags": "edge_265 node_161 node_159"}], [2969.0, 2707.0, {"text": "cf", "fill": "purple", "tags": "edge_266 node_159 node_118"}], [3060.0, 2376.0, {"text": "hallway_2-11u", "fill": "blue", "tags": "node_162"}], [2967.0, 2378.0, {"text": "hallway_2-11d", "fill": "blue", "tags": "node_163"}], [2952.0, 2290.0, {"text": "hallway_2-12d", "fill": "blue", "tags": "node_164"}], [3053.0, 2281.0, {"text": "hallway_2-12u", "fill": "blue", "tags": "node_165"}], [2963.0, 2183.0, {"text": "hallway_2-13d", "fill": "blue", "tags": "node_166"}], [3060.0, 2183.0, {"text": "hallway_2-13u", "fill": "blue", "tags": "node_167"}], [3201.0, 2322.0, {"text": "conferenceRoom_3_door", "fill": "blue", "tags": "node_168"}], [3412.0, 2283.0, {"text": "conferenceRoom_3", "fill": "blue", "tags": "node_169"}], [3058.0, 2443.0, {"text": "cf", "fill": "purple", "tags": "edge_267 node_160 node_162"}], [3332.5, 2299.5, {"text": "tr", "fill": "purple", "tags": "edge_268 node_162 node_169"}], [3056.5, 2315.5, {"text": "cf", "fill": "purple", "tags": "edge_269 node_162 node_165"}], [2888.0, 2246.0, {"text": "office_40_door", "fill": "blue", "tags": "node_170"}], [2700.0, 2231.0, {"text": "office_40", "fill": "blue", "tags": "node_171"}], [2759.5, 2241.0, {"text": "tl", "fill": "purple", "tags": "edge_270 node_165 node_171"}], [3056.5, 2219.0, {"text": "cf", "fill": "purple", "tags": "edge_271 node_165 node_167"}], [2770.5, 2213.0, {"text": "tr", "fill": "purple", "tags": "edge_272 node_166 node_171"}], [2958.0, 2225.5, {"text": "cf", "fill": "purple", "tags": "edge_273 node_166 node_164"}], [3292.0, 2282.0, {"text": "tl", "fill": "purple", "tags": "edge_274 node_164 node_169"}], [2970.0, 2321.5, {"text": "cf", "fill": "purple", "tags": "edge_275 node_164 node_163"}], [2972.5, 2445.0, {"text": "cf", "fill": "purple", "tags": "edge_276 node_163 node_161"}], [3257.5, 2294.5, {"text": "fd", "fill": "purple", "tags": "edge_277 node_169 node_168"}], [3171.5, 2289.5, {"text": "tr", "fill": "purple", "tags": "edge_278 node_168 node_165"}], [3173.5, 2308.0, {"text": "tl", "fill": "purple", "tags": "edge_279 node_168 node_163"}], [2806.5, 2227.5, {"text": "fd", "fill": "purple", "tags": "edge_280 node_171 node_170"}], [2905.5, 2219.5, {"text": "tl", "fill": "purple", "tags": "edge_281 node_170 node_167"}], [2900.0, 2235.5, {"text": "tr", "fill": "purple", "tags": "edge_282 node_170 node_164"}], [2971.0, 2020.0, {"text": "hallway_2-14d", "fill": "blue", "tags": "node_172"}], [3094.0, 2045.0, {"text": "hallway_2-14u", "fill": "blue", "tags": "node_173"}], [2879.0, 2108.0, {"text": "storage_4_door", "fill": "blue", "tags": "node_174"}], [2770.0, 2104.0, {"text": "storage_4", "fill": "blue", "tags": "node_175"}], [3057.0, 2103.5, {"text": "cf", "fill": "purple", "tags": "edge_283 node_167 node_173"}], [2819.0, 2115.5, {"text": "tl", "fill": "purple", "tags": "edge_284 node_167 node_175"}], [2802.5, 2076.5, {"text": "tr", "fill": "purple", "tags": "edge_285 node_172 node_175"}], [2970.0, 2071.0, {"text": "cf", "fill": "purple", "tags": "edge_286 node_172 node_166"}], [2853.5, 2090.5, {"text": "fd", "fill": "purple", "tags": "edge_287 node_175 node_174"}], [2894.5, 2078.5, {"text": "tl", "fill": "purple", "tags": "edge_288 node_174 node_173"}], [2895.0, 2097.0, {"text": "tr", "fill": "purple", "tags": "edge_289 node_174 node_166"}], [2974.0, 1769.0, {"text": "hallway_2-16d", "fill": "blue", "tags": "node_176"}], [3103.0, 1772.0, {"text": "hallway_2-16u", "fill": "blue", "tags": "node_177"}], [2982.0, 1885.0, {"text": "hallway_2-15d", "fill": "blue", "tags": "node_178"}], [3074.0, 1887.0, {"text": "hallway_2-15u", "fill": "blue", "tags": "node_179"}], [2970.0, 1633.0, {"text": "hallway_2-17d", "fill": "blue", "tags": "node_180"}], [3067.0, 1634.0, {"text": "hallway_2-17u", "fill": "blue", "tags": "node_181"}], [2966.0, 1472.0, {"text": "hallway_2-18d", "fill": "blue", "tags": "node_182"}], [3061.0, 1475.0, {"text": "hallway_2-18u", "fill": "blue", "tags": "node_183"}], [2949.0, 1294.0, {"text": "hallway_2-19d", "fill": "blue", "tags": "node_184"}], [3096.0, 1316.0, {"text": "hallway_2-19u", "fill": "blue", "tags": "node_185"}], [3206.0, 1412.0, {"text": "office_24_door", "fill": "blue", "tags": "node_186"}], [3355.0, 1374.0, {"text": "office_24", "fill": "blue", "tags": "node_187"}], [3194.0, 1715.0, {"text": "office_25_door", "fill": "blue", "tags": "node_188"}], [3356.0, 1668.0, {"text": "office_25", "fill": "blue", "tags": "node_189"}], [3191.0, 1832.0, {"text": "office_26_door", "fill": "blue", "tags": "node_190"}], [3367.0, 1843.0, {"text": "office_26", "fill": "blue", "tags": "node_191"}], [3064.0, 1955.5, {"text": "cf", "fill": "purple", "tags": "edge_290 node_173 node_179"}], [3305.0, 1857.0, {"text": "tr", "fill": "purple", "tags": "edge_291 node_179 node_191"}], [3088.5, 1816.5, {"text": "cf", "fill": "purple", "tags": "edge_292 node_179 node_177"}], [3085.0, 1690.0, {"text": "cf", "fill": "purple", "tags": "edge_293 node_177 node_181"}], [3303.5, 1689.0, {"text": "tr", "fill": "purple", "tags": "edge_294 node_177 node_189"}], [2971.5, 1686.5, {"text": "cf", "fill": "purple", "tags": "edge_295 node_180 node_176"}], [3294.5, 1659.0, {"text": "tl", "fill": "purple", "tags": "edge_296 node_180 node_189"}], [3304.0, 1833.0, {"text": "tl", "fill": "purple", "tags": "edge_297 node_176 node_191"}], [2978.0, 1814.0, {"text": "cf", "fill": "purple", "tags": "edge_298 node_176 node_178"}], [2978.5, 1953.0, {"text": "cf", "fill": "purple", "tags": "edge_299 node_178 node_172"}], [3264.5, 1840.5, {"text": "fd", "fill": "purple", "tags": "edge_300 node_191 node_190"}], [3167.0, 1791.0, {"text": "tr", "fill": "purple", "tags": "edge_301 node_190 node_177"}], [3165.5, 1822.5, {"text": "tl", "fill": "purple", "tags": "edge_302 node_190 node_178"}], [3257.0, 1679.5, {"text": "fd", "fill": "purple", "tags": "edge_303 node_189 node_188"}], [3179.5, 1676.5, {"text": "tr", "fill": "purple", "tags": "edge_304 node_188 node_181"}], [3174.0, 1697.0, {"text": "tl", "fill": "purple", "tags": "edge_305 node_188 node_176"}], [3064.0, 1541.5, {"text": "cf", "fill": "purple", "tags": "edge_306 node_181 node_183"}], [2968.5, 1539.0, {"text": "cf", "fill": "purple", "tags": "edge_307 node_182 node_180"}], [3291.5, 1387.0, {"text": "tr", "fill": "purple", "tags": "edge_308 node_183 node_187"}], [3051.0, 1384.0, {"text": "cf", "fill": "purple", "tags": "edge_309 node_183 node_185"}], [2967.0, 1382.5, {"text": "cf", "fill": "purple", "tags": "edge_310 node_184 node_182"}], [3289.0, 1357.0, {"text": "tl", "fill": "purple", "tags": "edge_311 node_184 node_187"}], [3247.0, 1379.5, {"text": "fd", "fill": "purple", "tags": "edge_312 node_187 node_186"}], [3176.5, 1374.5, {"text": "tr", "fill": "purple", "tags": "edge_313 node_186 node_185"}], [3164.0, 1397.0, {"text": "tl", "fill": "purple", "tags": "edge_314 node_186 node_182"}], [2617.0, 3056.0, {"text": "conferenceRoom_2_door", "fill": "blue", "tags": "node_192"}], [2596.0, 3194.0, {"text": "conferenceRoom_2", "fill": "blue", "tags": "node_193"}], [2608.5, 3091.0, {"text": "fd", "fill": "purple", "tags": "edge_315 node_193 node_192"}], [2644.0, 3022.5, {"text": "tr", "fill": "purple", "tags": "edge_316 node_192 node_150"}], [2604.0, 3024.5, {"text": "tl", "fill": "purple", "tags": "edge_317 node_192 node_149"}], [2582.5, 3147.5, {"text": "tr", "fill": "purple", "tags": "edge_318 node_148 node_193"}], [2614.5, 3154.5, {"text": "tl", "fill": "purple", "tags": "edge_319 node_151 node_193"}], [3261.0, 3630.0, {"text": "office_29_door-r", "fill": "blue", "tags": "node_194"}], [3210.5, 3743.0, {"text": "fd_r", "fill": "purple", "tags": "edge_320 node_97 node_194"}], [3158.5, 3606.0, {"text": "tr", "fill": "purple", "tags": "edge_321 node_194 node_102"}], [3145.0, 3629.0, {"text": "tl", "fill": "purple", "tags": "edge_322 node_194 node_100"}], [3220.0, 2598.0, {"text": "office_41_door-r", "fill": "blue", "tags": "node_195"}], [3259.5, 2740.0, {"text": "fd_r", "fill": "purple", "tags": "edge_323 node_157 node_195"}], [3137.5, 2574.0, {"text": "tr", "fill": "purple", "tags": "edge_324 node_195 node_160"}], [3128.0, 2603.5, {"text": "tl", "fill": "purple", "tags": "edge_325 node_195 node_159"}], [3001.0, 2553.5, {"text": "tl", "fill": "purple", "tags": "edge_326 node_161 node_157"}], [3069.0, 2649.5, {"text": "tr", "fill": "purple", "tags": "edge_327 node_158 node_157"}], [3076.5, 3706.0, {"text": "tr", "fill": "purple", "tags": "edge_328 node_101 node_97"}], [2987.0, 3560.5, {"text": "tl", "fill": "purple", "tags": "edge_329 node_103 node_97"}]], "oval": [[401.0, 2919.0, 407.0, 2925.0, {"outline": "red", "fill": "red", "tags": "node_0"}], [183.0, 2912.0, 189.0, 2918.0, {"outline": "red", "fill": "red", "tags": "node_1"}], [647.0, 2911.0, 653.0, 2917.0, {"outline": "red", "fill": "red", "tags": "node_2"}], [653.0, 2825.0, 659.0, 2831.0, {"outline": "red", "fill": "red", "tags": "node_3"}], [479.0, 2781.0, 485.0, 2787.0, {"outline": "red", "fill": "red", "tags": "node_4"}], [559.0, 2784.0, 565.0, 2790.0, {"outline": "red", "fill": "red", "tags": "node_5"}], [479.0, 2957.0, 485.0, 2963.0, {"outline": "red", "fill": "red", "tags": "node_6"}], [567.0, 2959.0, 573.0, 2965.0, {"outline": "red", "fill": "red", "tags": "node_7"}], [477.0, 3025.0, 483.0, 3031.0, {"outline": "red", "fill": "red", "tags": "node_8"}], [571.0, 3028.0, 577.0, 3034.0, {"outline": "red", "fill": "red", "tags": "node_9"}], [476.0, 3122.0, 482.0, 3128.0, {"outline": "red", "fill": "red", "tags": "node_10"}], [568.0, 3130.0, 574.0, 3136.0, {"outline": "red", "fill": "red", "tags": "node_11"}], [647.0, 3078.0, 653.0, 3084.0, {"outline": "red", "fill": "red", "tags": "node_12"}], [767.0, 3098.0, 773.0, 3104.0, {"outline": "red", "fill": "red", "tags": "node_13"}], [475.0, 3252.0, 481.0, 3258.0, {"outline": "red", "fill": "red", "tags": "node_14"}], [564.0, 3252.0, 570.0, 3258.0, {"outline": "red", "fill": "red", "tags": "node_15"}], [401.0, 3174.0, 407.0, 3180.0, {"outline": "red", "fill": "red", "tags": "node_16"}], [161.0, 3159.0, 167.0, 3165.0, {"outline": "red", "fill": "red", "tags": "node_17"}], [476.0, 3386.0, 482.0, 3392.0, {"outline": "red", "fill": "red", "tags": "node_18"}], [571.0, 3388.0, 577.0, 3394.0, {"outline": "red", "fill": "red", "tags": "node_19"}], [370.0, 3331.0, 376.0, 3337.0, {"outline": "red", "fill": "red", "tags": "node_20"}], [170.0, 3331.0, 176.0, 3337.0, {"outline": "red", "fill": "red", "tags": "node_21"}], [483.0, 3645.0, 489.0, 3651.0, {"outline": "red", "fill": "red", "tags": "node_22"}], [563.0, 3644.0, 569.0, 3650.0, {"outline": "red", "fill": "red", "tags": "node_23"}], [486.0, 3772.0, 492.0, 3778.0, {"outline": "red", "fill": "red", "tags": "node_24"}], [569.0, 3778.0, 575.0, 3784.0, {"outline": "red", "fill": "red", "tags": "node_25"}], [391.0, 3685.0, 397.0, 3691.0, {"outline": "red", "fill": "red", "tags": "node_26"}], [192.0, 3679.0, 198.0, 3685.0, {"outline": "red", "fill": "red", "tags": "node_27"}], [644.0, 3971.0, 650.0, 3977.0, {"outline": "red", "fill": "red", "tags": "node_28"}], [645.0, 3871.0, 651.0, 3877.0, {"outline": "red", "fill": "red", "tags": "node_29"}], [392.0, 3844.0, 398.0, 3850.0, {"outline": "red", "fill": "red", "tags": "node_32"}], [192.0, 3845.0, 198.0, 3851.0, {"outline": "red", "fill": "red", "tags": "node_33"}], [1241.0, 3966.0, 1247.0, 3972.0, {"outline": "red", "fill": "red", "tags": "node_34"}], [1245.0, 3887.0, 1251.0, 3893.0, {"outline": "red", "fill": "red", "tags": "node_35"}], [1370.0, 3967.0, 1376.0, 3973.0, {"outline": "red", "fill": "red", "tags": "node_36"}], [1365.0, 3893.0, 1371.0, 3899.0, {"outline": "red", "fill": "red", "tags": "node_37"}], [1589.0, 3975.0, 1595.0, 3981.0, {"outline": "red", "fill": "red", "tags": "node_38"}], [1587.0, 3900.0, 1593.0, 3906.0, {"outline": "red", "fill": "red", "tags": "node_39"}], [1650.0, 3821.0, 1656.0, 3827.0, {"outline": "red", "fill": "red", "tags": "node_40"}], [1740.0, 3837.0, 1746.0, 3843.0, {"outline": "red", "fill": "red", "tags": "node_41"}], [1654.0, 4013.0, 1660.0, 4019.0, {"outline": "red", "fill": "red", "tags": "node_42"}], [1738.0, 4018.0, 1744.0, 4024.0, {"outline": "red", "fill": "red", "tags": "node_43"}], [1822.0, 3932.0, 1828.0, 3938.0, {"outline": "red", "fill": "red", "tags": "node_44"}], [1961.0, 3932.0, 1967.0, 3938.0, {"outline": "red", "fill": "red", "tags": "node_45"}], [1321.0, 4055.0, 1327.0, 4061.0, {"outline": "red", "fill": "red", "tags": "node_46"}], [1325.0, 4159.0, 1331.0, 4165.0, {"outline": "red", "fill": "red", "tags": "node_47"}], [1647.0, 3721.0, 1653.0, 3727.0, {"outline": "red", "fill": "red", "tags": "node_48"}], [1738.0, 3720.0, 1744.0, 3726.0, {"outline": "red", "fill": "red", "tags": "node_49"}], [1573.0, 3770.0, 1579.0, 3776.0, {"outline": "red", "fill": "red", "tags": "node_50"}], [1354.0, 3761.0, 1360.0, 3767.0, {"outline": "red", "fill": "red", "tags": "node_51"}], [1648.0, 4351.0, 1654.0, 4357.0, {"outline": "red", "fill": "red", "tags": "node_52"}], [1743.0, 4349.0, 1749.0, 4355.0, {"outline": "red", "fill": "red", "tags": "node_53"}], [1649.0, 4468.0, 1655.0, 4474.0, {"outline": "red", "fill": "red", "tags": "node_54"}], [1737.0, 4471.0, 1743.0, 4477.0, {"outline": "red", "fill": "red", "tags": "node_55"}], [1537.0, 4419.0, 1543.0, 4425.0, {"outline": "red", "fill": "red", "tags": "node_56"}], [1398.0, 4409.0, 1404.0, 4415.0, {"outline": "red", "fill": "red", "tags": "node_57"}], [1644.0, 4688.0, 1650.0, 4694.0, {"outline": "red", "fill": "red", "tags": "node_58"}], [1746.0, 4689.0, 1752.0, 4695.0, {"outline": "red", "fill": "red", "tags": "node_59"}], [1824.0, 4823.0, 1830.0, 4829.0, {"outline": "red", "fill": "red", "tags": "node_60"}], [1822.0, 4736.0, 1828.0, 4742.0, {"outline": "red", "fill": "red", "tags": "node_61"}], [1754.0, 4899.0, 1760.0, 4905.0, {"outline": "red", "fill": "red", "tags": "node_62"}], [1748.0, 5063.0, 1754.0, 5069.0, {"outline": "red", "fill": "red", "tags": "node_63"}], [1967.0, 4826.0, 1973.0, 4832.0, {"outline": "red", "fill": "red", "tags": "node_64"}], [1960.0, 4737.0, 1966.0, 4743.0, {"outline": "red", "fill": "red", "tags": "node_65"}], [2198.0, 4823.0, 2204.0, 4829.0, {"outline": "red", "fill": "red", "tags": "node_66"}], [2199.0, 4747.0, 2205.0, 4753.0, {"outline": "red", "fill": "red", "tags": "node_67"}], [1905.0, 4907.0, 1911.0, 4913.0, {"outline": "red", "fill": "red", "tags": "node_68"}], [1909.0, 5010.0, 1915.0, 5016.0, {"outline": "red", "fill": "red", "tags": "node_69"}], [2265.0, 4887.0, 2271.0, 4893.0, {"outline": "red", "fill": "red", "tags": "node_70"}], [2267.0, 4979.0, 2273.0, 4985.0, {"outline": "red", "fill": "red", "tags": "node_71"}], [2346.0, 4821.0, 2352.0, 4827.0, {"outline": "red", "fill": "red", "tags": "node_72"}], [2350.0, 4748.0, 2356.0, 4754.0, {"outline": "red", "fill": "red", "tags": "node_73"}], [2405.0, 4690.0, 2411.0, 4696.0, {"outline": "red", "fill": "red", "tags": "node_74"}], [2484.0, 4690.0, 2490.0, 4696.0, {"outline": "red", "fill": "red", "tags": "node_75"}], [2430.0, 4891.0, 2436.0, 4897.0, {"outline": "red", "fill": "red", "tags": "node_76"}], [2424.0, 4997.0, 2430.0, 5003.0, {"outline": "red", "fill": "red", "tags": "node_77"}], [2543.0, 4409.0, 2549.0, 4415.0, {"outline": "red", "fill": "red", "tags": "node_78"}], [2567.0, 4479.0, 2573.0, 4485.0, {"outline": "red", "fill": "red", "tags": "node_79"}], [2400.0, 4477.0, 2406.0, 4483.0, {"outline": "red", "fill": "red", "tags": "node_80"}], [2499.0, 4483.0, 2505.0, 4489.0, {"outline": "red", "fill": "red", "tags": "node_81"}], [2399.0, 4336.0, 2405.0, 4342.0, {"outline": "red", "fill": "red", "tags": "node_82"}], [2491.0, 4338.0, 2497.0, 4344.0, {"outline": "red", "fill": "red", "tags": "node_83"}], [2404.0, 4012.0, 2410.0, 4018.0, {"outline": "red", "fill": "red", "tags": "node_84"}], [2502.0, 4015.0, 2508.0, 4021.0, {"outline": "red", "fill": "red", "tags": "node_85"}], [2545.0, 3963.0, 2551.0, 3969.0, {"outline": "red", "fill": "red", "tags": "node_86"}], [2547.0, 3879.0, 2553.0, 3885.0, {"outline": "red", "fill": "red", "tags": "node_87"}], [2724.0, 3970.0, 2730.0, 3976.0, {"outline": "red", "fill": "red", "tags": "node_88"}], [2717.0, 3884.0, 2723.0, 3890.0, {"outline": "red", "fill": "red", "tags": "node_89"}], [2651.0, 4049.0, 2657.0, 4055.0, {"outline": "red", "fill": "red", "tags": "node_90"}], [2630.0, 4169.0, 2636.0, 4175.0, {"outline": "red", "fill": "red", "tags": "node_91"}], [2916.0, 3971.0, 2922.0, 3977.0, {"outline": "red", "fill": "red", "tags": "node_92"}], [2915.0, 3907.0, 2921.0, 3913.0, {"outline": "red", "fill": "red", "tags": "node_93"}], [2968.0, 3849.0, 2974.0, 3855.0, {"outline": "red", "fill": "red", "tags": "node_94"}], [3047.0, 3849.0, 3053.0, 3855.0, {"outline": "red", "fill": "red", "tags": "node_95"}], [3118.0, 3928.0, 3124.0, 3934.0, {"outline": "red", "fill": "red", "tags": "node_96"}], [3276.0, 3926.0, 3282.0, 3932.0, {"outline": "red", "fill": "red", "tags": "node_97"}], [2900.0, 3767.0, 2906.0, 3773.0, {"outline": "red", "fill": "red", "tags": "node_98"}], [2802.0, 3766.0, 2808.0, 3772.0, {"outline": "red", "fill": "red", "tags": "node_99"}], [2971.0, 3672.0, 2977.0, 3678.0, {"outline": "red", "fill": "red", "tags": "node_100"}], [3049.0, 3674.0, 3055.0, 3680.0, {"outline": "red", "fill": "red", "tags": "node_101"}], [3052.0, 3542.0, 3058.0, 3548.0, {"outline": "red", "fill": "red", "tags": "node_102"}], [2964.0, 3541.0, 2970.0, 3547.0, {"outline": "red", "fill": "red", "tags": "node_103"}], [3087.0, 3253.0, 3093.0, 3259.0, {"outline": "red", "fill": "red", "tags": "node_104"}], [2973.0, 3255.0, 2979.0, 3261.0, {"outline": "red", "fill": "red", "tags": "node_105"}], [2974.0, 3364.0, 2980.0, 3370.0, {"outline": "red", "fill": "red", "tags": "node_106"}], [3082.0, 3366.0, 3088.0, 3372.0, {"outline": "red", "fill": "red", "tags": "node_107"}], [2970.0, 3112.0, 2976.0, 3118.0, {"outline": "red", "fill": "red", "tags": "node_108"}], [3089.0, 3115.0, 3095.0, 3121.0, {"outline": "red", "fill": "red", "tags": "node_109"}], [3180.0, 3195.0, 3186.0, 3201.0, {"outline": "red", "fill": "red", "tags": "node_110"}], [3183.0, 3308.0, 3189.0, 3314.0, {"outline": "red", "fill": "red", "tags": "node_111"}], [3360.0, 3329.0, 3366.0, 3335.0, {"outline": "red", "fill": "red", "tags": "node_112"}], [3315.0, 3182.0, 3321.0, 3188.0, {"outline": "red", "fill": "red", "tags": "node_113"}], [3064.0, 2971.0, 3070.0, 2977.0, {"outline": "red", "fill": "red", "tags": "node_114"}], [2967.0, 2976.0, 2973.0, 2982.0, {"outline": "red", "fill": "red", "tags": "node_115"}], [2906.0, 2912.0, 2912.0, 2918.0, {"outline": "red", "fill": "red", "tags": "node_116"}], [2904.0, 2834.0, 2910.0, 2840.0, {"outline": "red", "fill": "red", "tags": "node_117"}], [2966.0, 2769.0, 2972.0, 2775.0, {"outline": "red", "fill": "red", "tags": "node_118"}], [3043.0, 2776.0, 3049.0, 2782.0, {"outline": "red", "fill": "red", "tags": "node_119"}], [926.0, 2844.0, 932.0, 2850.0, {"outline": "red", "fill": "red", "tags": "node_120"}], [928.0, 2922.0, 934.0, 2928.0, {"outline": "red", "fill": "red", "tags": "node_121"}], [971.0, 2753.0, 977.0, 2759.0, {"outline": "red", "fill": "red", "tags": "node_122"}], [964.0, 2646.0, 970.0, 2652.0, {"outline": "red", "fill": "red", "tags": "node_123"}], [1057.0, 2919.0, 1063.0, 2925.0, {"outline": "red", "fill": "red", "tags": "node_124"}], [1058.0, 2840.0, 1064.0, 2846.0, {"outline": "red", "fill": "red", "tags": "node_125"}], [1618.0, 2919.0, 1624.0, 2925.0, {"outline": "red", "fill": "red", "tags": "node_130"}], [1624.0, 2815.0, 1630.0, 2821.0, {"outline": "red", "fill": "red", "tags": "node_131"}], [1831.0, 2926.0, 1837.0, 2932.0, {"outline": "red", "fill": "red", "tags": "node_132"}], [1831.0, 2819.0, 1837.0, 2825.0, {"outline": "red", "fill": "red", "tags": "node_133"}], [1651.0, 2748.0, 1657.0, 2754.0, {"outline": "red", "fill": "red", "tags": "node_134"}], [1792.0, 2752.0, 1798.0, 2758.0, {"outline": "red", "fill": "red", "tags": "node_135"}], [1667.0, 2363.0, 1673.0, 2369.0, {"outline": "red", "fill": "red", "tags": "node_136"}], [1797.0, 2364.0, 1803.0, 2370.0, {"outline": "red", "fill": "red", "tags": "node_137"}], [1640.0, 3445.0, 1646.0, 3451.0, {"outline": "red", "fill": "red", "tags": "node_138"}], [1741.0, 3450.0, 1747.0, 3456.0, {"outline": "red", "fill": "red", "tags": "node_139"}], [1640.0, 3334.0, 1646.0, 3340.0, {"outline": "red", "fill": "red", "tags": "node_140"}], [1748.0, 3335.0, 1754.0, 3341.0, {"outline": "red", "fill": "red", "tags": "node_141"}], [1874.0, 3388.0, 1880.0, 3394.0, {"outline": "red", "fill": "red", "tags": "node_142"}], [2008.0, 3382.0, 2014.0, 3388.0, {"outline": "red", "fill": "red", "tags": "node_143"}], [1656.0, 2992.0, 1662.0, 2998.0, {"outline": "red", "fill": "red", "tags": "node_144"}], [1749.0, 2999.0, 1755.0, 3005.0, {"outline": "red", "fill": "red", "tags": "node_145"}], [2467.0, 2920.0, 2473.0, 2926.0, {"outline": "red", "fill": "red", "tags": "node_146"}], [2463.0, 2836.0, 2469.0, 2842.0, {"outline": "red", "fill": "red", "tags": "node_147"}], [2564.0, 2921.0, 2570.0, 2927.0, {"outline": "red", "fill": "red", "tags": "node_148"}], [2564.0, 2841.0, 2570.0, 2847.0, {"outline": "red", "fill": "red", "tags": "node_149"}], [2700.0, 2921.0, 2706.0, 2927.0, {"outline": "red", "fill": "red", "tags": "node_150"}], [2698.0, 2843.0, 2704.0, 2849.0, {"outline": "red", "fill": "red", "tags": "node_151"}], [2489.0, 2749.0, 2495.0, 2755.0, {"outline": "red", "fill": "red", "tags": "node_152"}], [2444.0, 2629.0, 2450.0, 2635.0, {"outline": "red", "fill": "red", "tags": "node_153"}], [2771.0, 2763.0, 2777.0, 2769.0, {"outline": "red", "fill": "red", "tags": "node_154"}], [2770.0, 2668.0, 2776.0, 2674.0, {"outline": "red", "fill": "red", "tags": "node_155"}], [3134.0, 2876.0, 3140.0, 2882.0, {"outline": "red", "fill": "red", "tags": "node_156"}], [3341.0, 2879.0, 3347.0, 2885.0, {"outline": "red", "fill": "red", "tags": "node_157"}], [3051.0, 2634.0, 3057.0, 2640.0, {"outline": "red", "fill": "red", "tags": "node_158"}], [2966.0, 2639.0, 2972.0, 2645.0, {"outline": "red", "fill": "red", "tags": "node_159"}], [3053.0, 2520.0, 3059.0, 2526.0, {"outline": "red", "fill": "red", "tags": "node_160"}], [2963.0, 2520.0, 2969.0, 2526.0, {"outline": "red", "fill": "red", "tags": "node_161"}], [3057.0, 2360.0, 3063.0, 2366.0, {"outline": "red", "fill": "red", "tags": "node_162"}], [2976.0, 2364.0, 2982.0, 2370.0, {"outline": "red", "fill": "red", "tags": "node_163"}], [2958.0, 2273.0, 2964.0, 2279.0, {"outline": "red", "fill": "red", "tags": "node_164"}], [3050.0, 2265.0, 3056.0, 2271.0, {"outline": "red", "fill": "red", "tags": "node_165"}], [2960.0, 2167.0, 2966.0, 2173.0, {"outline": "red", "fill": "red", "tags": "node_166"}], [3057.0, 2167.0, 3063.0, 2173.0, {"outline": "red", "fill": "red", "tags": "node_167"}], [3189.0, 2294.0, 3195.0, 2300.0, {"outline": "red", "fill": "red", "tags": "node_168"}], [3334.0, 2285.0, 3340.0, 2291.0, {"outline": "red", "fill": "red", "tags": "node_169"}], [2880.0, 2228.0, 2886.0, 2234.0, {"outline": "red", "fill": "red", "tags": "node_170"}], [2735.0, 2223.0, 2741.0, 2229.0, {"outline": "red", "fill": "red", "tags": "node_171"}], [2972.0, 2031.0, 2978.0, 2037.0, {"outline": "red", "fill": "red", "tags": "node_172"}], [3051.0, 2034.0, 3057.0, 2040.0, {"outline": "red", "fill": "red", "tags": "node_173"}], [2876.0, 2087.0, 2882.0, 2093.0, {"outline": "red", "fill": "red", "tags": "node_174"}], [2767.0, 2088.0, 2773.0, 2094.0, {"outline": "red", "fill": "red", "tags": "node_175"}], [2971.0, 1753.0, 2977.0, 1759.0, {"outline": "red", "fill": "red", "tags": "node_176"}], [3100.0, 1756.0, 3106.0, 1762.0, {"outline": "red", "fill": "red", "tags": "node_177"}], [2979.0, 1869.0, 2985.0, 1875.0, {"outline": "red", "fill": "red", "tags": "node_178"}], [3071.0, 1871.0, 3077.0, 1877.0, {"outline": "red", "fill": "red", "tags": "node_179"}], [2968.0, 1616.0, 2974.0, 1622.0, {"outline": "red", "fill": "red", "tags": "node_180"}], [3064.0, 1618.0, 3070.0, 1624.0, {"outline": "red", "fill": "red", "tags": "node_181"}], [2963.0, 1456.0, 2969.0, 1462.0, {"outline": "red", "fill": "red", "tags": "node_182"}], [3058.0, 1459.0, 3064.0, 1465.0, {"outline": "red", "fill": "red", "tags": "node_183"}], [2965.0, 1303.0, 2971.0, 1309.0, {"outline": "red", "fill": "red", "tags": "node_184"}], [3038.0, 1303.0, 3044.0, 1309.0, {"outline": "red", "fill": "red", "tags": "node_185"}], [3181.0, 1386.0, 3187.0, 1392.0, {"outline": "red", "fill": "red", "tags": "node_186"}], [3307.0, 1367.0, 3313.0, 1373.0, {"outline": "red", "fill": "red", "tags": "node_187"}], [3191.0, 1687.0, 3197.0, 1693.0, {"outline": "red", "fill": "red", "tags": "node_188"}], [3317.0, 1666.0, 3323.0, 1672.0, {"outline": "red", "fill": "red", "tags": "node_189"}], [3188.0, 1816.0, 3194.0, 1822.0, {"outline": "red", "fill": "red", "tags": "node_190"}], [3323.0, 1841.0, 3329.0, 1847.0, {"outline": "red", "fill": "red", "tags": "node_191"}], [2614.0, 3040.0, 2620.0, 3046.0, {"outline": "red", "fill": "red", "tags": "node_192"}], [2593.0, 3178.0, 2599.0, 3184.0, {"outline": "red", "fill": "red", "tags": "node_193"}], [3163.0, 3618.0, 3169.0, 3624.0, {"outline": "red", "fill": "red", "tags": "node_194"}], [3152.0, 2594.0, 3158.0, 2600.0, {"outline": "red", "fill": "red", "tags": "node_195"}]]}